CRS,Scotrail Postcode,Postcode,match
ABD,AB11 6LX,AB11 6RT,1
AUR,KY3 0SN,KY3 0TQ,1
AAT,IV23 2QD,IV23 2QD,1
ACN,IV22 2EJ,IV22 2EE,1
ACH,IV54 8YH,IV54 8YU,1
ADW,EH55 8NQ,EH55 8NQ,1
AIR,ML1 2SX,ML1 2SX,1
ADR,ML6 9EX,ML6 0AN,1
AXP,G31 3JN,G31 3JN,1
ALX,G83 0UL,G82 4ND,0
ALO,FK10 1BA,FK10 1BA,1
ASS,IV17 0SE,IV17 0SE,1
ABC,KW12 6UR,KW12 6UR,1
AND,G3 8RR,G3 8RR,1
ANN,DG12 6AS,DG12 6AX,1
ANL,G12 0AY,G13 1HX,0
ARB,DD11 1RQ,DD11 3AE,1
ARD,IV24 3AQ,IV24 3DR,1
AUI,G83 7DT,G83 7EB,1
ADS,KA22 8BH,KA22 8ED,1
ASB,KA22 8AU,KA22 8AG,1
ADN,KA22 8AU,KA22 8DD,1
AGS,G2 8DL,G1 5HB,0
ARG,PH39 4NJ,PH39 4NX,1
ARM,EH48 3LP,EH48 3LP,1
ART,G83 7DB,G83 7DA,1
ASF,G22 6LR,G22 6EZ,1
ATT,IV54 8YX,IV54 8YX,1
AUK,KA18 2BH,KA18 2AZ,1
AVM,PH22 1PD,PH22 1PY,1
AYR,KA7 1TH,KA7 3AU,1
BIO,G69 7RN,G69 7DH,1
BHC,G83 8SS,G83 0UN,1
BSI,DD5 4QH,DD5 4QE,1
BNV,PH33 7JF,PH33 7PH,1
BSS,KA10 6SA,KA10 6SS,1
BGI,G69 7TS,G69 7SB,1
BNL,G21 4NB,G21 4NA,1
BRR,G78 1AA,G78 1GG,1
BRL,KA26 0QF,KA26 0QF,1
BYL,DD11 1PR,DD7 7RZ,0
BHG,EH48 1BA,EH48 1NU,1
BRN,G61 4AN,G61 4AN,1
BSL,PH39 4NR,PH39 4NR,1
BEL,IV4 7EF,IV4 7EP,1
BLG,G31 1SG,G31 1AD,1
BLH,ML4 1RJ,ML4 1RH,1
BBG,G64 1PE,G64 2RD,1
BPT,PA7 5AD,PA7 5AA,1
BKR,EH48 3BW,EH48 3AU,1
BLA,PH18 5SL,PH18 5SG,1
BAI,ML5 1NP,ML5 2EW,1
BLT,G72 9BB,G72 9BG,1
BGS,PA15 2TF,PA15 2TN,1
BWG,G60 5AH,G60 5BL,1
BCN,PA16 9HA,PA16 0YB,1
BRC,EH55 8JH,EH55 8JH,1
BEA,FK9 4PH,FK9 4NA,1
BRO,PA36 4AD,PA36 4AD,1
BDG,G40 1BN,G40 1BN,1
BRA,KW9 6PY,KW9 6QU,1
BYF,DD5 2DX,DD5 2AE,1
BSU,EH15 2NG,EH15 2NQ,1
BUI,G73 3SA,G73 3UE,1
BTS,KY3 9DR,KY3 9DU,1
BUS,G76 8JB,G76 8HY,1
CAC,ML6 7RJ,ML6 7RJ,1
CBL,G72 7EL,G72 8AT,1
CMO,FK1 4JW,FK2 7YP,0
CDD,KY5 0BP,KY5 0BS,1
CDO,G52 2DE,G52 2DA,1
CDR,G82 5NL,G82 5NL,1
CRF,ML1 5AL,ML1 5AX,1
CLU,ML8 5AA,ML8 5DF,1
CML,G32 8YS,G32 8JU,1
CAN,DD7 6AY,DD7 6AR,1
CAY,G32 6AW,G32 6AS,1
CAG,PH23 3AJ,PH23 3AZ,1
CRS,ML11 8PR,ML11 8PP,1
CDY,PA15 2TG,PA15 2TH,1
CCT,G44 4ED,G44 4ED,1
CHC,G2 3HW,G2 4PR,0
CTE,ML3 7UD,ML3 7UD,1
CKS,G44 3BP,G76 7BN,0
CEA,ML1 5RR,ML1 5RR,1
CYK,G81 1RT,G81 1RT,1
CBC,ML5 1RL,ML5 1QQ,1
CBS,ML5 3HR,ML5 3HR,1
COA,ML5 3PZ,ML5 3PY,1
CON,PA37 1PA,PA37 1PB,1
CBD,IV7 8AA,IV7 8AA,1
CKH,G52 1QR,G52 1RB,1
CPA,PH33 7LS,PH33 7JH,1
CRR,PH30 4AA,PH30 4AA,1
COW,KY4 9SQ,KY4 9SG,1
CGD,G84 7BQ,G84 7JE,1
CNR,FK20 8QN,FK20 8QQ,1
CFF,G42 1AA,G73 2AH,0
CKT,G52 3TX,G52 3LQ,1
COI,G42 8ES,G42 8ER,1
CMY,G41 3TW,G41 3RY,1
CRO,G65 9HT,G68 9AA,0
CUA,IV27 4ET,IV24 3DW,0
CUB,G67 2UH,G67 2PL,1
CUP,KY15 5HX,KY15 5JD,1
CUH,EH14 4AA,EH14 5QR,1
DAG,KY11 9HZ,KY11 9NJ,1
DAL,PA33 1AY,PA33 1AA,1
DAK,G40 4HG,G40 4LR,1
DAM,EH30 9JU,EH30 9JU,1
DMR,G81 3QT,G81 4AJ,1
DLR,G82 4AD,G82 4JT,1
DLY,KA24 4DE,KA24 4DD,1
DLW,PH19 1AD,PH19 1AD,1
DIN,IV15 9PZ,IV15 9JD,1
DRM,EH39 5LW,EH39 5AS,1
DMC,G13 4PT,G15 6QX,0
DFR,PA15 4BY,PA15 4NE,1
DRU,ML6 7BL,ML6 7BL,1
DMY,G31 2LY,G81 2TE,0
DRN,IV40 8BD,IV40 8BD,1
DST,G31 1LL,G31 1NW,1
DBC,G82 1PZ,G82 1NL,1
DBE,G82 2EP,G82 1RH,1
DUM,G41 4HE,G41 5BQ,1
DMF,DG1 1NF,DG1 1LU,1
DUN,EH42 1JX,EH42 1JX,1
DBL,FK15 9ET,FK15 9ET,1
DCG,IV52 8TZ,IV52 8TZ,1
DEE,DD1 4BY,DD1 4DB,1
DFL,KY12 0GB,KY12 0TY,1
DFE,KY12 7HT,KY12 7HT,1
DKD,PH8 0DP,PH8 0BN,1
DNL,KA3 4BZ,KA3 4AS,1
DNO,KW10 6SF,KW10 6SH,1
DYC,AB21 7EQ,AB21 7DQ,1
EKL,G74 1AR,G74 1NF,1
EST,G69 6BL,G69 6BL,1
EDB,EH1 1BB,EH1 1BG,1
EDB,EH1 1BB,EH1 1BG,1
EGY,EH12 9GF,EH12 9GF,1
EDP,EH11 4DF,EH11 4DF,1
ELG,IV30 1QP,IV30 1QJ,1
EKB,EH22 3NX,EH22 3NX,1
EXG,G3 8LD,G3 8LE,1
FRL,KA29 0DJ,KA29 0DY,1
FKG,FK2 7EZ,FK1 1UP,0
FKK,FK1 5QX,FK1 5NE,1
FOC,PA33 1AN,PA33 1AN,1
FLD,EH47 9DJ,EH47 9DL,1
FRN,IV20 1RS,IV20 1RP,1
FOR,IV36 3AD,IV36 1GZ,1
FRS,KW13 6YT,KW13 6YT,1
FTM,PA16 7TS,PA16 7TU,1
FTW,PH33 6TQ,PH33 6EN,1
GAL,TD1 1BP,TD1 1BP,1
GCH,G84 0EG,G84 0DB,1
GAR,G69 1AA,G69 6PE,1
GRS,G14 0EY,G13 3AE,0
GRH,G69 8DF,G69 8DF,1
GVE,IV23 2QF,IV23 2QF,1
GGJ,KW12 6HH,KW12 6XA,1
GFN,G46 6JF,G46 6JJ,1
GSC,G23 5LF,G23 5AR,1
GIR,KA26 9HF,KA26 9JF,1
GLC,G1 3SL,G1 3SA,1
GLQ,G1 2AF,G1 2AF,1
GLE,PH3 1JL,PH3 1JN,1
GLF,PH37 4LS,PH37 4LT,1
GLG,KA14 3AT,KA14 3AT,1
GLT,KY1 4AE,KY1 4ED,1
GOF,DD7 7JG,DD7 7JF,1
GOL,KW10 6SZ,KW10 6ST,1
GBG,EH23 4JX,EH23 4JX,1
GRK,PA19 1QR,PA19 1QR,1
GRL,G67 2XJ,G67 2XJ,1
GKC,PA15 1DH,PA15 1DH,1
GKW,PA15 1TE,PA16 8UH,0
GEA,DG16 5HF,DG16 5DU,1
HMY,G75 8SW,G74 5LW,0
HNC,ML3 6PB,ML3 6QL,1
HNW,ML3 0DA,ML3 9AY,1
HTW,ML7 7DU,ML7 5DU,1
HKH,PA2 7BB,PA2 7AS,1
HYM,EH12 5EY,EH11 2BD,0
HLC,G84 7QF,G84 7EE,1
HLU,G84 9LG,G84 9AG,1
HMS,KW8 6HH,KW8 6HT,1
HST,G1 1PZ,G1 1QF,1
HLF,G61 3PG,G61 2BT,1
HLE,G52 2LL,G52 2LJ,1
HLW,G52 4NQ,G52 4EW,1
HLY,ML1 4HD,ML1 4LU,1
HOZ,PA9 1AZ,PA9 1AZ,1
HNT,AB54 5HS,AB54 6HZ,1
HYN,G12 9PP,G12 9YH,1
IBM,PA16 0XB,PA16 0AJ,1
INS,AB52 6PU,AB52 6WN,1
IGD,IV18 0RY,IV18 0RQ,1
ING,DD2 5DS,DD2 5AP,1
INK,KY11 1NJ,KY11 1NJ,1
INP,PA16 0AS,PA16 0BE,1
INV,IV2 3PY,IV1 1LF,0
INH,IV27 4ET,IV27 4ET,1
INR,AB51 4TN,AB51 4TN,1
IRV,KA12 8NU,KA12 8NU,1
JHN,PA5 8HE,PA5 8HE,1
JOR,G13 1QL,G13 1QL,1
KEH,AB55 3DR,AB55 5GB,1
KVD,G20 0TB,G20 0TA,1
KVD,G20 0TB,G20 0TA,1
KNS,G46 8HP,G46 8HN,1
KIL,KW8 6HY,KW8 6HY,1
KMK,KA1 2AF,KA1 2AF,1
KLM,KA3 2QX,KA3 2TU,1
KPT,G60 5LX,G60 5LX,1
KWN,KA13 6NT,KA13 6NT,1
KBC,KW11 6UB,KW11 6UB,1
KGH,KY3 9RA,KY3 9RA,1
KGP,G44 5UT,G44 4HS,1
KGE,EH14 2JX,EH14 2EF,1
KIN,PH21 1EN,PH21 1JA,1
KTR,AB51 0YF,AB51 0YF,1
KDY,KY1 1YL,KY1 1YL,1
KRK,DG4 6NL,DG4 6LU,1
KKH,G72 8NL,G72 8NB,1
KKN,EH27 8BP,EH27 8DD,1
KWD,ML5 5RS,ML5 5NQ,1
KYL,IV40 8AH,IV40 8AQ,1
LDY,KY15 7JS,KY15 7JY,1
LRG,IV27 4EX,IV27 4DH,1
LNK,ML11 7JP,ML11 7NR,1
LGB,PA14 6PD,PA14 6YA,1
LGS,G43 2JH,G43 2EP,1
LBT,FK5 4AN,FK5 4AW,1
LAR,KA30 8AN,KA30 8AN,1
LRH,ML9 1DP,ML9 1DP,1
LRH,ML9 1DP,ML9 1DP,1
LAU,AB30 1BE,AB30 1NN,1
LNZ,G66 4UA,G66 4LP,1
LEU,KY16 0AA,KY16 0AA,1
LIN,EH49 7DH,EH49 6AF,1
LSN,EH54 7EE,EH54 8PL,1
LVG,EH54 9AP,EH54 9DA,1
LHA,PA33 1AQ,PA33 1AQ,1
LHE,PH33 7NN,PH33 7NW,1
LCL,PH38 4LZ,PH38 4LZ,1
LCS,PH33 7PN,PH33 7NP,1
LCG,KY5 9EP,KY5 9EL,1
LCC,IV23 2PZ,IV23 2PZ,1
LHW,PA12 4JF,PA12 4JF,1
LOC,DG11 2HA,DG11 2HE,1
LND,EH32 0LS,EH32 0LS,1
MLG,PH41 4QA,PH41 4QA,1
MNC,KY7 6DH,KY7 6AQ,1
MYH,G20 8HL,G20 0BT,1
MAX,G41 4DT,G41 4LG,1
MAY,KA19 8DS,KA19 8AF,1
MEY,ML9 2UW,ML9 2UW,1
MIN,PA5 8PQ,PA10 2DA,0
MLN,G62 8PG,G62 6NB,1
MON,DD5 4NN,DD5 4NG,1
MTS,DD10 8LW,DD10 8DE,1
MRR,PH40 4PB,PH40 4PB,1
MPK,G52 3ET,G52 3EX,1
MTH,ML1 1BL,ML1 3JA,1
MFL,G41 1RR,G42 9DN,0
MTV,G69 7DB,G32 9RD,0
MOO,IV6 7ST,IV6 7TJ,1
MUI,G44 4QR,G44 3ES,1
MUB,EH21 6TT,EH21 6TR,1
NRN,IV12 4QS,IV12 4QP,1
NEI,G78 3EE,G78 3DY,1
NCK,KA18 4DG,KA18 4DF,1
NEW,EH21 8QT,EH21 8SG,1
NTN,G72 7TD,ML12 6HT,0
NOA,KA8 9BP,KA8 8LL,1
NEG,EH22 4PE,EH22 4PE,1
NWR,PH20 1AL,PH20 1AL,1
NIT,G53 7NX,G53 7NX,1
NBW,EH39 4BY,EH39 4DA,1
NQU,KY11 1JE,KY11 1JH,1
OBN,PA34 4LW,PA34 4NU,1
PCN,PA2 6SZ,PA1 1YU,0
PYG,PA1 1BS,PA1 1BS,1
PYJ,PA3 1RB,PA3 1RQ,1
PTK,G11 6BU,G11 6DB,1
PTT,G77 6NR,G77 6NR,1
PTH,PH2 8RT,PH2 0DR,1
PIT,PH16 5AN,PH16 5BN,1
PLK,IV52 8TX,IV52 8TF,1
PWE,G43 1NE,G43 1UB,1
PWW,G43 1NE,G43 1NZ,1
PLE,G41 2NE,G41 2SX,1
PLW,G41 5HT,G41 4LW,1
PMT,FK2 0UP,FK2 0UF,1
PTG,PA14 5JH,PA14 5JN,1
PLN,AB12 4JS,AB12 4PT,1
PPK,G22 6LN,G22 6LW,1
PST,EH33 1NG,EH32 9ES,0
PRA,KA9 2PL,KA9 2PJ,1
PTW,KA9 1AQ,KA9 1HQ,1
PTL,G53 7US,G53 6UL,1
QPK,G42 8PQ,G42 8PH,1
RAN,PH17 2QA,PH17 2QA,1
RTN,G82 4ND,G82 4ND,1
RSN,TD14 5JS,TD14 5JS,1
RRN,G33 1AF,G33 1AF,1
ROG,IV28 3XL,IV28 3XA,1
ROS,KY11 2JF,KY11 2XW,1
RYB,PH31 4AH,PH31 4AG,1
RUT,G73 1DB,G73 1DT,1
SLT,KA21 5JT,KA21 5JT,1
SQH,DG4 6DQ,DG4 6BS,1
SCT,KW12 6YH,KW12 6XJ,1
SCH,G13 1QG,G13 1UY,1
SFI,EH22 1SB,EH22 1SB,1
SHL,G41 3RG,G41 3SW,1
SLS,G32 0PF,G32 0PF,1
SDM,ML2 7TF,ML2 7TQ,1
SHS,ML7 5DX,ML7 4BH,1
SIN,G81 2JQ,G81 2JQ,1
SLA,EH14 1BX,EH14 1PZ,1
SGL,EH12 9EU,EH12 7XH,1
SBR,PH34 4EP,PH34 4ER,1
SPR,G21 1SB,G21 4TP,1
SPF,KY15 5QY,KY15 5RT,1
SPS,G33 6AT,G33 6HG,1
STV,KA20 3DP,KA20 3LB,1
STT,KA3 5BD,KA3 5BE,1
STG,FK8 1PF,FK8 2BY,1
STN,AB39 2NE,AB39 2NE,1
SOI,TD1 2SQ,TD1 2SQ,1
STR,DG9 8EJ,DG9 8EJ,1
STC,IV54 8YR,IV54 8YR,1
STF,IV53 8UH,IV53 8UJ,1
SUM,G23 5AT,G20 0HY,0
TAI,IV19 1JA,IV19 1JA,1
TAY,PA35 1JH,PA35 1JN,1
THB,G46 7DA,G46 7RJ,1
THT,G74 5AB,G74 5QA,1
THS,KW14 7DL,KW14 7DL,1
TRN,KA10 6JY,KA10 6JY,1
TUL,PH31 4AR,PH31 4AR,1
TWB,TD1 3AB,TD1 3SP,1
TYL,FK20 8RZ,FK20 8RZ,1
UDD,G71 7LR,G71 7LR,1
UHA,EH54 5QG,EH54 5QE,1
UTY,FK20 8RY,FK20 8RQ,1
WAF,EH21 8DZ,EH21 8AA,1
WMS,PA18 6AA,PA18 6AR,1
WCL,EH55 8BP,EH55 8BQ,1
WKB,KA23 9BP,KA23 9DD,1
WTA,EH14 3AQ,EH14 3HR,1
WES,G61 1PA,G61 1PB,1
WFF,ML5 4AS,ML5 4EE,1
WNL,PA15 3AH,PA15 3LA,1
WCR,G46 6JB,G46 6SA,1
WCK,KW1 4QT,KW1 5LB,1
WLM,G76 7HQ,G76 7NP,1
WSH,ML2 0EX,ML2 0EX,1
WDL,PA14 5PP,PA14 6QX,1
YOK,G81 1AD,G81 1JQ,1
