"","NLC","Data_Zone","Intermediate_Zone","Council_area"
"1",8976,"S01006587","City Centre East","Aberdeen City"
"2",9090,"S01009454","Aberdour and Auchtertool","Fife"
"3",8600,"S01010698","Ross and Cromarty Central","Highland"
"4",8601,"S01010698","Ross and Cromarty Central","Highland"
"5",8602,"S01010689","Ross and Cromarty South West","Highland"
"6",9310,"S01013255","Breich Valley","West Lothian"
"7",9695,"S01011475","Motherwell South","North Lanarkshire"
"8",9759,"S01011654","Coatdyke and Whinhall","North Lanarkshire"
"9",9905,"S01010241","Alexandra Parade","Glasgow City"
"10",9861,"S01013222","IZ15","West Dunbartonshire"
"11",9883,"S01007462","Alloa South and East","Clackmannanshire"
"12",8605,"S01010737","Alness","Highland"
"13",8606,"S01010796","Caithness North West","Highland"
"14",9965,"S01010272","City Centre South","Glasgow City"
"15",9451,"S01007661","Annan West","Dumfries and Galloway"
"16",9972,"S01010469","Anniesland East","Glasgow City"
"17",9079,"S01007184","Arbroath Harbour","Angus"
"18",8613,"S01010762","Sutherland South","Highland"
"19",9962,"S01007358","Cowal North","Argyll and Bute"
"20",9453,"S01011243","Ardrossan Central","North Ayrshire"
"21",9569,"S01011242","Ardrossan Central","North Ayrshire"
"22",9455,"S01011243","Ardrossan Central","North Ayrshire"
"23",9961,"S01010264","City Centre East","Glasgow City"
"24",8821,"S01010506","Lochaber West","Highland"
"25",990,"S01013392","Armadale South","West Lothian"
"26",9963,"S01007358","Cowal North","Argyll and Bute"
"27",9953,"S01010328","Possil Park","Glasgow City"
"28",8608,"S01010689","Ross and Cromarty South West","Highland"
"29",9457,"S01007923","Auchinleck","East Ayrshire"
"30",8610,"S01010537","Badenoch and Strathspey Central","Highland"
"31",9463,"S01012483","Ayr South Harbour and Town Centre","South Ayrshire"
"32",9763,"S01010086","Baillieston West","Glasgow City"
"33",9862,"S01013223","IZ16","West Dunbartonshire"
"34",9013,"S01007145","Monifieth West","Angus"
"35",8839,"S01010515","Fort William North","Highland"
"36",9466,"S01012556","Muirhead","South Ayrshire"
"37",9764,"S01011556","Kirkwood and Bargeddie","North Lanarkshire"
"38",9973,"S01010208","Petershill","Glasgow City"
"39",9674,"S01008307","Cross Stobbs","East Renfrewshire"
"40",9467,"S01012418","Carrick South","South Ayrshire"
"41",9020,"S01007185","Arbroath Harbour","Angus"
"42",9311,"S01013414","Bathgate East","West Lothian"
"43",9966,"S01008066","South Castlehill and Thorn","East Dunbartonshire"
"44",8822,"S01010506","Lochaber West","Highland"
"45",8877,"S01010660","Inverness West Rural","Highland"
"46",9895,"S01010254","Gallowgate North and Bellgrove","Glasgow City"
"47",9714,"S01011523","Bellshill South","North Lanarkshire"
"48",9940,"S01008100","Bishopbriggs West and Cadder","East Dunbartonshire"
"49",9620,"S01012216","Bishopton","Renfrewshire"
"50",991,"S01013431","Blackridge, Westfield and Torphichen","West Lothian"
"51",8750,"S01011981","Blair Atholl, Strathardle and Glenshee","Perth and Kinross"
"52",9760,"S01011586","Townhead","North Lanarkshire"
"53",9716,"S01012771","Blantytre North and Coatshill","South Lanarkshire"
"54",9668,"S01010903","Greenock East","Inverclyde"
"55",9968,"S01013178","IZ10","West Dunbartonshire"
"56",9938,"S01010854","Braeside, Branchton, Lower Larkfield and Ravenscraig","Inverclyde"
"57",9251,"S01013250","Breich Valley","West Lothian"
"58",9889,"S01013088","Bridge of Allan and University","Stirling"
"59",8823,"S01007308","Loch Awe","Argyll and Bute"
"60",9789,"S01006885","Howe of Alford","Aberdeenshire"
"61",8618,"S01010767","Sutherland East","Highland"
"62",9023,"S01007762","Broughty Ferry West","Dundee City"
"63",8807,"S01008721","Jewel, Brunstane and Newcraighall","City of Edinburgh"
"64",9767,"S01012880","High Crosshill","South Lanarkshire"
"65",9107,"S01009460","Burntisland West","Fife"
"66",9791,"S01008369","Busby","East Renfrewshire"
"67",992,"S01011679","Caldercruix and Plains","North Lanarkshire"
"68",9768,"S01012845","Cambuslang Central","South Lanarkshire"
"69",9878,"S01009084","High Bonnybridge and Greenhill","Falkirk"
"70",9112,"S01009437","Cardenden","Fife"
"71",9624,"S01009810","Cardonald North","Glasgow City"
"72",9969,"S01007406","Lomond Shore","Argyll and Bute"
"73",9877,"S01011458","Carfin North","North Lanarkshire"
"74",9702,"S01012598","Carluke West","South Lanarkshire"
"75",9769,"S01010077","Carmyle and Mount Vernon South","Glasgow City"
"76",9028,"S01007165","Carnoustie East","Angus"
"77",9897,"S01010132","Greenfield","Glasgow City"
"78",8621,"S01010541","Badenoch and Strathspey Central","Highland"
"79",9704,"S01012581","Carstairs, Carstairs Junction and Carnwath","South Lanarkshire"
"80",9680,"S01010903","Greenock East","Inverclyde"
"81",9795,"S01010008","Cathcart","Glasgow City"
"82",9911,"S01010267","City Centre West","Glasgow City"
"83",9707,"S01012702","Glassford, Quarter and Allanton","South Lanarkshire"
"84",9792,"S01008378","Clarkston and Sheddens","East Renfrewshire"
"85",9718,"S01011448","Cleland","North Lanarkshire"
"86",9855,"S01013129","IZ02","West Dunbartonshire"
"87",9747,"S01011584","Coatbridge West","North Lanarkshire"
"88",9752,"S01011596","Sunnyside and Cliftonville","North Lanarkshire"
"89",9762,"S01011651","Coatdyke and Whinhall","North Lanarkshire"
"90",8708,"S01007301","Benderloch Trail","Argyll and Bute"
"91",6393,"S01010711","Conon","Highland"
"92",9627,"S01009853","Mosspark","Glasgow City"
"93",8824,"S01010513","Fort William North","Highland"
"94",8825,"S01010528","Lochaber East and North","Highland"
"95",9185,"S01009418","Cowdenbeath North","Fife"
"96",9970,"S01007402","Helensburgh East","Argyll and Bute"
"97",8826,"S01013121","Highland","Stirling"
"98",9778,"S01012871","Bankhead South","South Lanarkshire"
"99",9628,"S01009817","Cardonald West and Central","Glasgow City"
"100",9814,"S01009889","Govanhill West","Glasgow City"
"101",9796,"S01009917","Maxwell Park","Glasgow City"
"102",9943,"S01011789","Kilsyth East and Croy","North Lanarkshire"
"103",8625,"S01010757","Sutherland South","Highland"
"104",9721,"S01011738","Greenfaulds","North Lanarkshire"
"105",9121,"S01009691","Cupar East","Fife"
"106",9218,"S01008425","Currie West","City of Edinburgh"
"107",9135,"S01009393","Dalgety Bay West and Hillend","Fife"
"108",8711,"S01007308","Loch Awe","Argyll and Bute"
"109",9790,"S01010046","Dalmarnock","Glasgow City"
"110",9415,"S01009003","Queensferry East","City of Edinburgh"
"111",9992,"S01013166","IZ08","West Dunbartonshire"
"112",9864,"S01013200","IZ13","West Dunbartonshire"
"113",9483,"S01011301","Dalry East and Rural","North Ayrshire"
"114",8628,"S01010532","Badenoch and Strathspey South","Highland"
"115",8632,"S01010716","Dingwall","Highland"
"116",9317,"S01008263","IZ17","East Lothian"
"117",9994,"S01010485","Blairdardie West","Glasgow City"
"118",9967,"S01010883","Bow Farm, Barrs Cottage, Cowdenknowes and Overton","Inverclyde"
"119",9757,"S01011673","Drumgelloch","North Lanarkshire"
"120",9993,"S01013136","IZ03","West Dunbartonshire"
"121",8681,"S01010671","Lochalsh","Highland"
"122",9906,"S01010244","Carntyne West and Haghill","Glasgow City"
"123",9866,"S01013195","IZ12","West Dunbartonshire"
"124",9868,"S01013195","IZ12","West Dunbartonshire"
"125",9622,"S01009871","Kingston West and Dumbreck","Glasgow City"
"126",9490,"S01007613","Nunholm","Dumfries and Galloway"
"127",9397,"S01008291","IZ22","East Lothian"
"128",8713,"S01013099","Dunblane East","Stirling"
"129",8682,"S01010671","Lochalsh","Highland"
"130",9039,"S01007682","Westend","Dundee City"
"131",9187,"S01009325","Dunfermline Bellyeoman and Townhill","Fife"
"132",9186,"S01009309","Dunfermline Central","Fife"
"133",8763,"S01012008","Luncarty and Dunkeld","Perth and Kinross"
"134",9492,"S01007931","Northern and Irvine Valley Rural","East Ayrshire"
"135",8642,"S01010770","Sutherland East","Highland"
"136",8905,"S01006753","Dyce","Aberdeen City"
"137",9793,"S01012936","West Mains","South Lanarkshire"
"138",9894,"S01010104","Garrowhill East and Swinton","Glasgow City"
"139",9328,"S01008676","Old Town, Princes Street and Leith Street","City of Edinburgh"
"140",6545,"S01008993","Ratho, Ingliston and Gogar","City of Edinburgh"
"141",9395,"S01008992","South Gyle","City of Edinburgh"
"142",8977,"S01011117","Elgin Central West","Moray"
"143",3776,"S01010998","Eskbank","Midlothian"
"144",9914,"S01010283","Finnieston and Kelvinhaugh","Glasgow City"
"145",9452,"S01011309","Fairlie and Rural","North Ayrshire"
"146",9930,"S01009140","Falkirk - Grahamston","Falkirk"
"147",9931,"S01009172","Falkirk - Lochgreen and Lionthorn","Falkirk"
"148",8726,"S01007308","Loch Awe","Argyll and Bute"
"149",9245,"S01013243","Fauldhouse","West Lothian"
"150",8637,"S01010746","Seaboard","Highland"
"151",8638,"S01011153","Forres Central East and seaward","Moray"
"152",8639,"S01010810","Sutherland North and West","Highland"
"153",9675,"S01010863","Gourock East, Greenock West and Lyle Road","Inverclyde"
"154",8827,"S01010522","Fort William South","Highland"
"155",9329,"S01012275","Galashiels North","Scottish Borders"
"156",9971,"S01007378","Garelochhead","Argyll and Bute"
"157",9904,"S01010096","Garrowhill West","Glasgow City"
"158",9979,"S01010452","Knightswood East","Glasgow City"
"159",9723,"S01011695","Gartcosh and Marnock","North Lanarkshire"
"160",8640,"S01010698","Ross and Cromarty Central","Highland"
"161",8641,"S01010796","Caithness North West","Highland"
"162",9794,"S01008406","North Giffnock and North Thornliebank","East Renfrewshire"
"163",9956,"S01010351","Maryhill East","Glasgow City"
"164",9501,"S01012433","Girvan Ailsa","South Ayrshire"
"165",9813,"S01010275","City Centre South","Glasgow City"
"166",9950,"S01010260","City Centre East","Glasgow City"
"167",8715,"S01011850","Muthill, Greenloaning and Gleneagles","Perth and Kinross"
"168",8828,"S01010509","Lochaber West","Highland"
"169",9503,"S01011347","Kilbirnie South and Longbar","North Ayrshire"
"170",9301,"S01009548","Thornton and Kinglassie","Fife"
"171",9096,"S01007161","Carnoustie West","Angus"
"172",8643,"S01010766","Sutherland East","Highland"
"173",6391,"S01011042","Gorebridge and Middleton","Midlothian"
"174",9635,"S01010842","Gourock Central, Upper East and IRH","Inverclyde"
"175",9725,"S01011738","Greenfaulds","North Lanarkshire"
"176",9681,"S01010893","Greenock Town Centre and East Central","Inverclyde"
"177",9682,"S01010873","Greenock West and Central","Inverclyde"
"178",9610,"S01007681","Gretna","Dumfries and Galloway"
"179",9810,"S01012945","Stewartfield West","South Lanarkshire"
"180",9726,"S01012725","Laighstonehall","South Lanarkshire"
"181",9727,"S01012792","Burnbank South and Chantinghall","South Lanarkshire"
"182",9246,"S01011429","Allanton - Newmains Rural","North Lanarkshire"
"183",9634,"S01012120","Paisley East","Renfrewshire"
"184",9419,"S01008655","Dalry and Fountainbridge","City of Edinburgh"
"185",9981,"S01007396","Helensburgh Centre","Argyll and Bute"
"186",9982,"S01007387","Helensburgh North","Argyll and Bute"
"187",8647,"S01010771","Sutherland East","Highland"
"188",9909,"S01010257","Gallowgate North and Bellgrove","Glasgow City"
"189",9983,"S01008078","Kessington West","East Dunbartonshire"
"190",9676,"S01009830","Hillington","Glasgow City"
"191",9630,"S01009823","Penilee","Glasgow City"
"192",9738,"S01011460","Clydesdale and New Stevenston","North Lanarkshire"
"193",1734,"S01012025","Renfrewshire Rural South and Howwood","Renfrewshire"
"194",8921,"S01007009","Huntly","Aberdeenshire"
"195",9845,"S01010399","Partickhill and Hyndland","Glasgow City"
"196",9618,"S01010832","West Braeside, East Inverkip and West Gourock","Inverclyde"
"197",8922,"S01007001","Insch, Oyne and Ythanwells","Aberdeenshire"
"198",8648,"S01010742","Invergordon","Highland"
"199",8778,"S01011965","Invergowrie, Longforgan and Abernyte","Perth and Kinross"
"200",9136,"S01009381","North Queensferry and Inverkeithing West","Fife"
"201",9646,"S01010829","Inverkip and Wemyss Bay","Inverclyde"
"202",8649,"S01010620","Inverness Central, Raigmore and Longman","Highland"
"203",8614,"S01010765","Sutherland South","Highland"
"204",8924,"S01006907","Inverurie South","Aberdeenshire"
"205",9508,"S01011232","Irvine Fullarton","North Ayrshire"
"206",9648,"S01012049","Johnstone North East","Renfrewshire"
"207",9995,"S01010411","Kelvinside and Jordanhill","Glasgow City"
"208",8925,"S01011060","Keith and Fife Keith","Moray"
"209",1655,"S01010465","Anniesland East","Glasgow City"
"210",1655,"S01010465","Anniesland East","Glasgow City"
"211",9816,"S01009940","Carnwadric West","Glasgow City"
"212",8652,"S01010771","Sutherland East","Highland"
"213",9512,"S01008012","Bonnyton and Town Centre","East Ayrshire"
"214",9516,"S01008030","Kilmaurs","East Ayrshire"
"215",9960,"S01013175","IZ09","West Dunbartonshire"
"216",9517,"S01011281","Kilwinning Whitehirst Park and Woodside","North Ayrshire"
"217",8653,"S01010771","Sutherland East","Highland"
"218",9142,"S01009469","Kinghorn","Fife"
"219",9817,"S01010004","Kingspark North","Glasgow City"
"220",9217,"S01008484","Longstone and Saughton","City of Edinburgh"
"221",8655,"S01010533","Badenoch and Strathspey South","Highland"
"222",6597,"S01006920","Kintore","Aberdeenshire"
"223",9145,"S01009479","Kirkcaldy Central","Fife"
"224",9518,"S01007552","Upper Nithsdale","Dumfries and Galloway"
"225",9771,"S01012843","Cambuslang Central","South Lanarkshire"
"226",9230,"S01013289","Mid Calder and Kirknewton","West Lothian"
"227",9766,"S01011576","Dundyvan","North Lanarkshire"
"228",8657,"S01010672","Lochalsh","Highland"
"229",9149,"S01009666","Kettle and Ladybank","Fife"
"230",8658,"S01010765","Sutherland South","Highland"
"231",9710,"S01012629","Lanark South","South Lanarkshire"
"232",9652,"S01012028","Renfrewshire Rural North and Langbank","Renfrewshire"
"233",9818,"S01009957","Merrylee and Millbrae","Glasgow City"
"234",9876,"S01009097","Larbert - South Broomage and Village","Falkirk"
"235",9521,"S01011318","Largs South","North Ayrshire"
"236",9728,"S01012664","Larkhall Central, Raploch, Millheugh and Burnhead","South Lanarkshire"
"237",9558,"S01012664","Larkhall Central, Raploch, Millheugh and Burnhead","South Lanarkshire"
"238",8931,"S01006812","Mearns North and Inverbervie","Aberdeenshire"
"239",9955,"S01008123","Lenzie South","East Dunbartonshire"
"240",9188,"S01009737","Leuchars and Guardbridge","Fife"
"241",9438,"S01013441","Linlithgow South","West Lothian"
"242",9371,"S01013352","Carmondean and Eliburn North","West Lothian"
"243",9372,"S01013274","Bankton and Murieston","West Lothian"
"244",8712,"S01007308","Loch Awe","Argyll and Bute"
"245",8846,"S01010509","Lochaber West","Highland"
"246",8829,"S01010509","Lochaber West","Highland"
"247",8830,"S01010509","Lochaber West","Highland"
"248",9156,"S01009445","Lochgelly East","Fife"
"249",8660,"S01010698","Ross and Cromarty Central","Highland"
"250",9655,"S01012023","Renfrewshire Rural South and Howwood","Renfrewshire"
"251",9614,"S01007637","Lockerbie","Dumfries and Galloway"
"252",9354,"S01008242","IZ13","East Lothian"
"253",8831,"S01010507","Lochaber West","Highland"
"254",9160,"S01009609","Markinch and Star","Fife"
"255",9957,"S01010347","Summerston North","Glasgow City"
"256",9802,"S01009914","Maxwell Park","Glasgow City"
"257",9529,"S01012439","Maybole","South Ayrshire"
"258",9705,"S01012659","Merryton and Meadowhill","South Lanarkshire"
"259",9658,"S01012043","Johnstone North West","Renfrewshire"
"260",9985,"S01008046","Keystone and Dougalston","East Dunbartonshire"
"261",9060,"S01007154","Monifieth East","Angus"
"262",9080,"S01007209","Montrose South","Angus"
"263",8833,"S01010506","Lochaber West","Highland"
"264",9632,"S01009815","Cardonald West and Central","Glasgow City"
"265",9691,"S01011480","Ladywell","North Lanarkshire"
"266",9819,"S01010015","Mount Florida","Glasgow City"
"267",9779,"S01010082","Mount Vernon North and Sandyhills","Glasgow City"
"268",8665,"S01010705","Muir of Ord","Highland"
"269",9608,"S01009960","Muirend and Old Cathcart","Glasgow City"
"270",9304,"S01008173","IZ02","East Lothian"
"271",8666,"S01010560","Nairn West","Highland"
"272",9773,"S01008300","Neilston and Uplawmoor","East Renfrewshire"
"273",9533,"S01007908","New Cumnock","East Ayrshire"
"274",8808,"S01008720","Jewel, Brunstane and Newcraighall","City of Edinburgh"
"275",9774,"S01012573","Clydesdale South","South Lanarkshire"
"276",9571,"S01012487","Ayr North Harbour, Wallacetown and Newton South","South Ayrshire"
"277",6929,"S01010992","Newbattle and Dalhousie","Midlothian"
"278",8668,"S01010531","Badenoch and Strathspey South","Highland"
"279",9609,"S01009768","Darnley West","Glasgow City"
"280",9358,"S01008270","IZ18","East Lothian"
"281",9189,"S01009385","North Queensferry and Inverkeithing West","Fife"
"282",8725,"S01007296","Oban South","Argyll and Bute"
"283",9657,"S01012128","Paisley Central","Renfrewshire"
"284",9683,"S01012153","Paisley North","Renfrewshire"
"285",9664,"S01012155","Paisley North","Renfrewshire"
"286",9917,"S01010387","Hillhead","Glasgow City"
"287",9775,"S01008328","Crookfur and Fruin","East Renfrewshire"
"288",8805,"S01011892","Viewlands, Craigie and Wellshill","Perth and Kinross"
"289",8801,"S01012010","Pitlochry","Perth and Kinross"
"290",8670,"S01010671","Lochalsh","Highland"
"291",9820,"S01009933","Pollokshaws","Glasgow City"
"292",9804,"S01009937","Pollokshaws","Glasgow City"
"293",9821,"S01009883","Pollokshields East","Glasgow City"
"294",9623,"S01009915","Maxwell Park","Glasgow City"
"295",9936,"S01009196","Brightons and Wallacestone","Falkirk"
"296",9667,"S01010911","Port Glasgow Upper, West and Central","Inverclyde"
"297",8860,"S01006851","Banchory-Devenick and Findon","Aberdeenshire"
"298",9958,"S01010325","Possil Park","Glasgow City"
"299",9366,"S01008204","IZ08","East Lothian"
"300",9544,"S01012531","Prestwick Airport and Monkton","South Ayrshire"
"301",9543,"S01012518","Prestwick West","South Ayrshire"
"302",9808,"S01009783","Nitshill","Glasgow City"
"303",9822,"S01009910","Strathbungo","Glasgow City"
"304",8834,"S01012017","Rannoch and Aberfeldy","Perth and Kinross"
"305",9867,"S01013222","IZ15","West Dunbartonshire"
"306",8634,"S01012312","Berwickshire East","Scottish Borders"
"307",7780,"S01010188","Robroyston and Millerston","Glasgow City"
"308",8671,"S01010764","Sutherland South","Highland"
"309",9190,"S01009364","Rosyth North","Fife"
"310",8835,"S01010528","Lochaber East and North","Highland"
"311",9787,"S01012858","Farme Cross and Gallowflat North","South Lanarkshire"
"312",9547,"S01011239","Saltcoats Central","North Ayrshire"
"313",9549,"S01007555","Upper Nithsdale","Dumfries and Galloway"
"314",8672,"S01010796","Caithness North West","Highland"
"315",9996,"S01010451","Knightswood East","Glasgow City"
"316",6963,"S01011000","Shawfair","Midlothian"
"317",9823,"S01009918","Maxwell Park","Glasgow City"
"318",9903,"S01010140","Shettleston North","Glasgow City"
"319",9552,"S01011382","Craigneuk Wishaw","North Lanarkshire"
"320",9739,"S01011435","Stane","North Lanarkshire"
"321",9988,"S01013129","IZ02","West Dunbartonshire"
"322",9236,"S01008488","Slateford and Chesser","City of Edinburgh"
"323",9318,"S01008988","South Gyle","City of Edinburgh"
"324",8836,"S01010529","Lochaber East and North","Highland"
"325",9997,"S01010212","Springburn","Glasgow City"
"326",9175,"S01009685","Cupar West and Springfield","Fife"
"327",9842,"S01011701","Stepps","North Lanarkshire"
"328",9553,"S01011235","Stevenston Ardeer","North Ayrshire"
"329",9554,"S01007937","Stewarton West","East Ayrshire"
"330",9888,"S01013091","Forth","Stirling"
"331",8964,"S01006832","Stonehaven North","Aberdeenshire"
"332",9396,"S01012272","Earlston Stow and Clovernfords Area","Scottish Borders"
"333",9555,"S01007488","Stranraer East","Dumfries and Galloway"
"334",8673,"S01010689","Ross and Cromarty South West","Highland"
"335",8674,"S01010671","Lochalsh","Highland"
"336",9959,"S01010346","Summerston North","Glasgow City"
"337",8676,"S01010756","Tain","Highland"
"338",8727,"S01007306","Benderloch Trail","Argyll and Bute"
"339",9812,"S01008409","North Giffnock and North Thornliebank","East Renfrewshire"
"340",9825,"S01012952","Thorntonhall, Jackton and Gardenhall","South Lanarkshire"
"341",8677,"S01010805","Thurso West","Highland"
"342",9562,"S01012565","Troon","South Ayrshire"
"343",8837,"S01010528","Lochaber East and North","Highland"
"344",9500,"S01012295","Melrose and Tweedbank Area","Scottish Borders"
"345",8728,"S01013121","Highland","Stirling"
"346",9776,"S01012809","Uddingston and Gardenside","South Lanarkshire"
"347",9373,"S01013301","Pumpherston and Uphall Station","West Lothian"
"348",8838,"S01013121","Highland","Stirling"
"349",9365,"S01008168","IZ01","East Lothian"
"350",9673,"S01010826","Inverkip and Wemyss Bay","Inverclyde"
"351",9250,"S01013257","West Calder and Polbeth","West Lothian"
"352",9564,"S01011314","West Kilbride and Seamill","North Ayrshire"
"353",9231,"S01008434","Baberton and Juniper Green","City of Edinburgh"
"354",9998,"S01008074","Westerton East","East Dunbartonshire"
"355",9753,"S01011572","Dundyvan","North Lanarkshire"
"356",9665,"S01010897","Greenock Town Centre and East Central","Inverclyde"
"357",9777,"S01008344","Whitecraigs and Broom","East Renfrewshire"
"358",8680,"S01010781","Wick South","Highland"
"359",9781,"S01008379","Williamwood","East Renfrewshire"
"360",9694,"S01011389","Pather","North Lanarkshire"
"361",9639,"S01010917","Port Glasgow Mid, East and Central","Inverclyde"
"362",9990,"S01013125","IZ01","West Dunbartonshire"
