Postcode,CRS,lat,lon,Name,NLC
AB11 6RT,ABD,57.144143,-2.098785,Aberdeen,8976
KY3 0TQ,AUR,56.054486,-3.299641,Aberdour,9090
IV23 2QD,AAT,57.609723,-4.938962,Achanalt,8600
IV22 2EE,ACN,57.57967,-5.07546,Achnasheen,8601
IV54 8YU,ACH,57.477886,-5.332974,Achnashellach,8602
EH55 8NQ,ADW,55.843971,-3.605075,Addiewell,9310
ML1 2SX,AIR,55.78207,-3.993468,Airbles,9695
ML6 0AN,ADR,55.865173,-3.982302,Airdrie,9759
G31 3JN,AXP,55.866843,-4.211288,Alexandra Parade,9905
G82 4ND,ALX,55.970114,-4.585736,Alexandria,9861
FK10 1BA,ALO,56.117863,-3.788579,Alloa,9883
IV17 0SE,ASS,57.695295,-4.252541,Alness,8605
KW12 6UR,ABC,58.337095,-3.698249,Altnabreac,8606
G3 8RR,AND,55.860208,-4.268664,Anderston,9965
DG12 6AX,ANN,54.983791,-3.263267,Annan,9451
G13 1HX,ANL,55.890273,-4.322012,Anniesland,9972
DD11 3AE,ARB,56.558879,-2.589197,Arbroath,9079
IV24 3DR,ARD,57.879623,-4.362812,Ardgay,8613
G83 7EB,AUI,56.304102,-4.7205,Ardlui,9962
KA22 8ED,ADS,55.640692,-4.823331,Ardrossan Harbour,9453
KA22 8AG,ASB,55.641026,-4.801295,Ardrossan South Beach,9569
KA22 8DD,ADN,55.640453,-4.811425,Ardrossan Town,9455
G1 5HB,AGS,55.856876,-4.245734,Argyle Street,9961
PH39 4NX,ARG,56.910876,-5.840993,Arisaig,8821
EH48 3LP,ARM,55.8868,-3.692846,Armadale,990
G83 7DA,ART,56.202817,-4.72364,Arrochar & Tarbet,9963
G22 6EZ,ASF,55.888438,-4.248083,Ashfield,9953
IV54 8YX,ATT,57.406804,-5.44817,Attadale,8608
KA18 2AZ,AUK,55.469209,-4.294593,Auchinleck,9457
PH22 1PY,AVM,57.188673,-3.827766,Aviemore,8610
KA7 3AU,AYR,55.457937,-4.625704,Ayr,9463
G69 7DH,BIO,55.845024,-4.114321,Baillieston,9763
G83 0UN,BHC,55.985184,-4.577299,Balloch,9862
DD5 4QE,BSI,56.47555,-2.837987,Balmossie,9013
PH33 7PH,BNV,56.843023,-5.095976,Banavie,8839
KA10 6SS,BSS,55.561034,-4.649297,Barassie,9466
G69 7SB,BGI,55.851754,-4.073465,Bargeddie,9764
G21 4NA,BNL,55.878764,-4.223062,Barnhill,9973
G78 1GG,BRR,55.806558,-4.393961,Barrhead,9674
KA26 0QF,BRL,55.096655,-4.780111,Barrhill,9467
DD7 7RZ,BYL,56.4926,-2.746893,Barry Links,9020
EH48 1NU,BHG,55.900056,-3.641289,Bathgate,9311
G61 4AN,BRN,55.916841,-4.332612,Bearsden,9966
PH39 4NR,BSL,56.898085,-5.790304,Beasdale,8822
IV4 7EP,BEL,57.478339,-4.467384,Beauly,8877
G31 1AD,BLG,55.856109,-4.227903,Bellgrove,9895
ML4 1RH,BLH,55.817506,-4.024299,Bellshill,9714
G64 2RD,BBG,55.904356,-4.225742,Bishopbriggs,9940
PA7 5AA,BPT,55.902357,-4.501596,Bishopton,9620
EH48 3AU,BKR,55.887171,-3.750752,Blackridge,991
PH18 5SG,BLA,56.765715,-3.848404,Blair Atholl,8750
ML5 2EW,BAI,55.867407,-4.0435,Blairhill,9760
G72 9BG,BLT,55.797251,-4.087015,Blantyre,9716
PA15 2TN,BGS,55.942004,-4.732825,Bogston,9668
G60 5BL,BWG,55.931416,-4.493704,Bowling,9968
PA16 0YB,BCN,55.940102,-4.804249,Branchton,9938
EH55 8JH,BRC,55.827685,-3.665012,Breich,9251
FK9 4NA,BEA,56.157137,-3.956111,Bridge Of Allan,9889
PA36 4AD,BRO,56.517722,-4.767813,Bridge Of Orchy,8823
AB33 8NT,BDG,57.201886,-2.739746,Bridgeton,9789
KW9 6QU,BRA,58.01276,-3.851681,Brora,8618
DD5 2AE,BYF,56.467377,-2.874066,Broughty Ferry,9023
EH15 2NQ,BSU,55.939925,-3.094525,Brunstane,8807
G73 3UE,BUI,55.816935,-4.202805,Burnside (Strathclyde),9767
KY3 9DU,BTS,56.057677,-3.234469,Burntisland,9107
G76 8HY,BUS,55.779901,-4.261537,Busby,9791
ML6 7RJ,CAC,55.887539,-3.887874,Caldercruix,992
G72 8AT,CBL,55.819275,-4.173852,Cambuslang,9768
FK2 7YP,CMO,56.007567,-3.818011,Camelon,9878
KY5 0BS,CDD,56.142068,-3.261089,Cardenden,9112
G52 2DA,CDO,55.852023,-4.340468,Cardonald,9624
G82 5NL,CDR,55.961426,-4.652454,Cardross,9969
ML1 5AX,CRF,55.808102,-3.955111,Carfin,9877
ML8 5DF,CLU,55.732414,-3.850094,Carluke,9702
G32 8JU,CML,55.833841,-4.157642,Carmyle,9769
DD7 6AR,CAN,56.501154,-2.706741,Carnoustie,9028
G32 6AS,CAY,55.855754,-4.178672,Carntyne,9897
PH23 3AZ,CAG,57.281165,-3.830492,Carrbridge,8621
ML11 8PP,CRS,55.690829,-3.669116,Carstairs,9704
PA15 2TH,CDY,55.941867,-4.731819,Cartsdyke,9680
G44 4ED,CCT,55.817674,-4.260616,Cathcart,9795
G2 4PR,CHC,55.864666,-4.269805,Charing Cross (Glasgow),9911
ML3 7UD,CTE,55.765507,-4.003462,Chatelherault,9707
G76 7BN,CKS,55.788789,-4.27518,Clarkston,9792
ML1 5RR,CEA,55.803958,-3.911183,Cleland,9718
G81 1RT,CYK,55.901148,-4.404874,Clydebank,9855
ML5 1QQ,CBC,55.861997,-4.033197,Coatbridge Central,9747
ML5 3HR,CBS,55.866761,-4.026898,Coatbridge Sunnyside,9752
ML5 3PY,COA,55.863693,-4.00518,Coatdyke,9762
PA37 1PB,CON,56.453297,-5.382067,Connel Ferry,8708
IV7 8AA,CBD,57.561512,-4.43972,Conon Bridge,6393
G52 1RB,CKH,55.836628,-4.334735,Corkerhill,9627
PH33 7JH,CPA,56.8428,-5.121565,Corpach,8824
PH30 4AA,CRR,56.788984,-4.599829,Corrour,8825
KY4 9SG,COW,56.111582,-3.342846,Cowdenbeath,9185
G84 7JE,CGD,55.995243,-4.711275,Craigendoran,9970
FK20 8QQ,CNR,56.391534,-4.618085,Crianlarich,8826
G73 2AH,CFF,55.819019,-4.228831,Croftfoot,9778
G52 3LQ,CKT,55.841855,-4.365494,Crookston,9628
G42 8ER,COI,55.834231,-4.257315,Crosshill,9814
G41 3RY,CMY,55.832974,-4.284771,Crossmyloof,9796
G68 9AA,CRO,55.945535,-4.033474,Croy,9943
IV24 3DW,CUA,57.91594,-4.415868,Culrain,8625
G67 2PL,CUB,55.941639,-3.981932,Cumbernauld,9721
KY15 5JD,CUP,56.316514,-3.008178,Cupar,9121
EH14 5QR,CUH,55.899207,-3.316226,Curriehill,9218
KY11 9NJ,DAG,56.041431,-3.369062,Dalgety Bay,9135
PA33 1AA,DAL,56.40116,-4.983566,Dalmally,8711
G40 4LR,DAK,55.842731,-4.218193,Dalmarnock,9790
EH30 9JU,DAM,55.986249,-3.381599,Dalmeny,9415
G81 4AJ,DMR,55.911866,-4.428005,Dalmuir,9992
G82 4JT,DLR,55.946763,-4.579325,Dalreoch,9864
KA24 4DD,DLY,55.705857,-4.70994,Dalry,9483
PH19 1AD,DLW,56.933699,-4.246439,Dalwhinnie,8628
IV15 9JD,DIN,57.594291,-4.42252,Dingwall,8632
EH39 5AS,DRM,56.005377,-2.786743,Drem,9317
G15 6QX,DMC,55.90425,-4.362557,Drumchapel,9994
PA15 4NE,DFR,55.941024,-4.771082,Drumfrochar,9967
ML6 7BL,DRU,55.868158,-3.950169,Drumgelloch,9757
G81 2TE,DMY,55.903935,-4.385416,Drumry,9993
IV40 8BD,DRN,57.315982,-5.695933,Duirinish,8681
G31 1NW,DST,55.858456,-4.21185,Duke Street,9906
G82 1NL,DBC,55.94357,-4.567789,Dumbarton Central,9866
G82 1RH,DBE,55.942295,-4.554892,Dumbarton East,9868
G41 5BQ,DUM,55.845372,-4.301172,Dumbreck,9622
DG1 1LU,DMF,55.072531,-3.604083,Dumfries,9490
EH42 1JX,DUN,55.998887,-2.512905,Dunbar,9397
FK15 9ET,DBL,56.186257,-3.96544,Dunblane,8713
IV52 8TZ,DCG,57.334999,-5.633574,Duncraig Halt,8682
DD1 4DB,DEE,56.456575,-2.971064,Dundee,9039
KY12 0TY,DFL,56.084646,-3.406335,Dunfermline Queen Margaret,9187
KY12 7HT,DFE,56.06819,-3.4524,Dunfermline Town,9186
PH8 0BN,DKD,56.558126,-3.578181,Dunkeld & Birnam,8763
KA3 4AS,DNL,55.711903,-4.532932,Dunlop,9492
KW10 6SH,DNO,57.98797,-3.950491,Dunrobin Castle,8642
AB21 7DQ,DYC,57.206315,-2.190902,Dyce,8905
G74 1NF,EKL,55.766327,-4.18117,East Kilbride,9793
G69 6BL,EST,55.858744,-4.106882,Easterhouse,9894
EH1 1BG,EDB,55.951961,-3.189944,Edinburgh Waverley,9328
EH1 1BG,EDB,55.951961,-3.189944,Edinburgh Waverley,9328
EH12 9GF,EGY,55.940868,-3.320408,Edinburgh Gateway,6545
EH11 4DF,EDP,55.925442,-3.305593,Edinburgh Park,9395
IV30 1QJ,ELG,57.643545,-3.311601,Elgin,8977
EH22 3NX,EKB,55.883697,-3.081515,Eskbank,3776
G3 8LE,EXG,55.862844,-4.28261,Exhibition Centre (Glasgow),9914
KA29 0DY,FRL,55.750833,-4.854525,Fairlie,9452
FK1 1UP,FKG,56.001996,-3.784777,Falkirk Grahamston,9930
FK1 5NE,FKK,55.991748,-3.791824,Falkirk High,9931
PA33 1AN,FOC,56.394489,-5.11619,Falls of Cruachan,8726
EH47 9DL,FLD,55.82196,-3.719312,Fauldhouse,9245
IV20 1RP,FRN,57.78041,-3.974719,Fearn,8637
IV36 1GZ,FOR,57.609185,-3.624416,Forres,8638
KW13 6YT,FRS,58.450681,-3.892296,Forsinard,8639
PA16 7TU,FTM,55.958428,-4.794455,Fort Matilda,9675
PH33 6EN,FTW,56.820451,-5.106177,Fort William,8827
TD1 1BP,GAL,55.618468,-2.808062,Galashiels,9329
G84 0DB,GCH,56.080285,-4.826487,Garelochhead,9971
G69 6PE,GAR,55.854606,-4.129074,Garrowhill,9904
G13 3AE,GRS,55.88842,-4.364105,Garscadden,9979
G69 8DF,GRH,55.88568,-4.079303,Gartcosh,9723
IV23 2QF,GVE,57.613518,-4.68704,Garve,8640
KW12 6XA,GGJ,58.498633,-3.454615,Georgemas Junction [station],8641
G46 6JJ,GFN,55.803754,-4.293527,Giffnock,9794
G23 5AR,GSC,55.897211,-4.281221,Gilshochill,9956
KA26 9JF,GIR,55.24618,-4.84823,Girvan,9501
G1 3SA,GLC,55.859295,-4.258192,Glasgow Central High Level,9813
G1 2AF,GLQ,55.862453,-4.251329,Glasgow Queen St High Level,9950
PH3 1JN,GLE,56.27458,-3.731797,Gleneagles,8715
PH37 4LT,GLF,56.87053,-5.445379,Glenfinnan,8828
KA14 3AT,GLG,55.738796,-4.676152,Glengarnock,9503
KY1 4ED,GLT,56.161555,-3.143056,Glenrothes With Thornton,9301
DD7 7JF,GOF,56.497786,-2.719007,Golf Street,9096
KW10 6ST,GOL,57.969645,-3.987558,Golspie,8643
EH23 4JX,GBG,55.840006,-3.047179,Gorebridge,6391
PA19 1QR,GRK,55.962149,-4.816565,Gourock,9635
G67 2XJ,GRL,55.936009,-3.993596,Greenfaulds,9725
PA15 1DH,GKC,55.945679,-4.752658,Greenock Central,9681
PA16 8UH,GKW,55.947354,-4.768648,Greenock West,9682
DG16 5DU,GEA,55.001746,-3.065201,Gretna Green,9610
G74 5LW,HMY,55.763088,-4.22022,Hairmyres,9810
ML3 6QL,HNC,55.772758,-4.039069,Hamilton Central,9726
ML3 9AY,HNW,55.779198,-4.056548,Hamilton West,9727
ML7 5DU,HTW,55.810892,-3.839502,Hartwood,9246
PA2 7AS,HKH,55.841728,-4.399461,Hawkhead,9634
EH11 2BD,HYM,55.944954,-3.218759,Haymarket,9419
G84 7EE,HLC,56.003138,-4.731495,Helensburgh Central,9981
G84 9AG,HLU,56.013057,-4.731327,Helensburgh Upper,9982
KW8 6HT,HMS,58.116212,-3.657194,Helmsdale,8647
G1 1QF,HST,55.859733,-4.240338,Glasgow High Street,9909
G61 2BT,HLF,55.920146,-4.319285,Hillfoot,9983
G52 2LJ,HLE,55.853862,-4.35432,Hillington East,9676
G52 4EW,HLW,55.855441,-4.370842,Hillington West,9630
ML1 4LU,HLY,55.812097,-3.974261,Holytown,9738
PA9 1AZ,HOZ,55.810367,-4.561672,Howwood (Renfrewshire),1734
AB54 6HZ,HNT,57.444558,-2.775875,Huntly,8921
G12 9YH,HYN,55.880199,-4.3134,Hyndland,9845
PA16 0AJ,IBM,55.942822,-4.741724,IBM,9618
AB52 6WN,INS,57.338051,-2.615892,Insch,8922
IV18 0RQ,IGD,57.689389,-4.175181,Invergordon,8648
DD2 5AP,ING,56.456824,-3.058267,Invergowrie,8778
KY11 1NJ,INK,56.035243,-3.395628,Inverkeithing,9136
PA16 0BE,INP,55.906574,-4.873949,Inverkip,9646
IV1 1LF,INV,57.479541,-4.223575,Inverness,8649
IV27 4ET,INH,57.927489,-4.401547,Invershin,8614
AB51 4TN,INR,57.286176,-2.373559,Inverurie,8924
KA12 8NU,IRV,55.611235,-4.674514,Irvine,9508
PA5 8HE,JHN,55.834814,-4.502782,Johnstone (Strathclyde),9648
G13 1QL,JOR,55.884164,-4.328059,Jordanhill,9995
AB55 5GB,KEH,57.550465,-2.953306,Keith,8925
G20 0TA,KVD,55.893244,-4.308084,Dawsholm now known as Kelvindale,1655
G20 0TA,KVD,55.893244,-4.308084,"Kelvindale
Later code set",1655
G46 8HN,KNS,55.812892,-4.325253,Kennishead,9816
KW8 6HY,KIL,58.154583,-3.831411,Kildonan,8652
KA1 2AF,KMK,55.612248,-4.498752,Kilmarnock,9512
KA3 2TU,KLM,55.636493,-4.530106,Kilmaurs,9516
G60 5LX,KPT,55.924421,-4.452514,Kilpatrick,9960
KA13 6NT,KWN,55.656145,-4.709598,Kilwinning,9517
KW11 6UB,KBC,58.257744,-3.94191,Kinbrace,8653
KY3 9RA,KGH,56.069625,-3.173954,Kinghorn,9142
G44 4HS,KGP,55.819941,-4.247306,Kings Park,9817
EH14 2EF,KGE,55.919473,-3.264444,Kingsknowe,9217
PH21 1JA,KIN,57.077946,-4.053571,Kingussie,8655
AB51 0YF,KTR,57.239903,-2.349133,Kintore,6597
KY1 1YL,KDY,56.111924,-3.166783,Kirkcaldy,9145
DG4 6LU,KRK,55.38719,-3.99996,Kirkconnel,9518
G72 8NB,KKH,55.8146,-4.166808,Kirkhill,9771
EH27 8DD,KKN,55.884831,-3.425475,Kirknewton,9230
ML5 5NQ,KWD,55.853496,-4.049416,Kirkwood,9766
IV40 8AQ,KYL,57.279869,-5.713839,Kyle of Lochalsh,8657
KY15 7JY,LDY,56.274552,-3.12233,Ladybank,9149
IV27 4DH,LRG,58.01116,-4.397229,Lairg,8658
ML11 7NR,LNK,55.673306,-3.772927,Lanark,9710
PA14 6YA,LGB,55.923632,-4.584687,Langbank,9652
G43 2EP,LGS,55.820601,-4.277357,Langside,9818
FK5 4AW,LBT,56.022148,-3.831036,Larbert,9876
KA30 8AN,LAR,55.793375,-4.867419,Largs,9521
ML9 1DP,LRH,55.739208,-3.974607,Larkhall,9728
ML9 1DP,LRH,55.739208,-3.974607,Larne Harbour,9558
AB30 1NN,LAU,56.873903,-2.412014,Laurencekirk,8931
G66 4LP,LNZ,55.921262,-4.153919,Lenzie,9955
KY16 0AA,LEU,56.375057,-2.893602,Leuchars,9188
EH49 6AF,LIN,55.975986,-3.59633,Linlithgow,9438
EH54 8PL,LSN,55.903215,-3.542248,Livingston North,9371
EH54 9DA,LVG,55.872112,-3.50067,Livingston South,9372
PA33 1AQ,LHA,56.399984,-5.045797,Loch Awe,8712
PH33 7NW,LHE,56.856166,-5.18696,Loch Eil Outward Bound,8846
PH38 4LZ,LCL,56.873473,-5.6689,Lochailort,8829
PH33 7NP,LCS,56.857802,-5.278547,Locheilside,8830
KY5 9EL,LCG,56.134757,-3.313467,Lochgelly,9156
IV23 2PZ,LCC,57.626129,-4.800307,Lochluichart,8660
PA12 4JF,LHW,55.788571,-4.618754,Lochwinnoch,9655
DG11 2HE,LOC,55.122207,-3.352358,Lockerbie,9614
EH32 0LS,LND,55.97674,-2.890096,Longniddry,9354
PH41 4QA,MLG,57.005944,-5.829559,Mallaig,8831
KY7 6AQ,MNC,56.200287,-3.131896,Markinch,9160
G20 0BT,MYH,55.897356,-4.300457,Maryhill,9957
G41 4LG,MAX,55.837158,-4.288866,Maxwell Park,9802
KA19 8AF,MAY,55.35522,-4.68529,Maybole,9529
ML9 2UW,MEY,55.749392,-3.979149,Merryton,9705
PA10 2DA,MIN,55.825189,-4.534784,Milliken Park,9658
G62 6NB,MLN,55.939748,-4.315574,Milngavie,9985
DD5 4NG,MON,56.479945,-2.818926,Monifieth,9060
DD10 8DE,MTS,56.713264,-2.471515,Montrose,9080
PH40 4PB,MRR,56.967083,-5.816216,Morar,8833
G52 3EX,MPK,55.84164,-4.348134,Mosspark,9632
ML1 3JA,MTH,55.792132,-3.997029,Motherwell,9691
G42 9DN,MFL,55.826477,-4.260424,Mount Florida,9819
G32 9RD,MTV,55.840817,-4.13439,Mount Vernon,9779
IV6 7TJ,MOO,57.517775,-4.460662,Muir Of Ord,8665
G44 3ES,MUI,55.81002,-4.2746,Muirend,9608
EH21 6TR,MUB,55.934086,-3.071854,Musselburgh,9304
IV12 4QP,NRN,57.580698,-3.873495,Nairn,8666
G78 3DY,NEI,55.782642,-4.426417,Neilston,9773
KA18 4DF,NCK,55.401781,-4.183218,New Cumnock,9533
EH21 8SG,NEW,55.934289,-3.08974,Newcraighall,8808
ML12 6HT,NTN,55.569341,-3.655087,Newton (Lanark),9774
KA8 8LL,NOA,55.474849,-4.625531,Newton-On-Ayr,9571
EH22 4PE,NEG,55.864326,-3.067407,Newtongrange,6929
PH20 1AL,NWR,57.059878,-4.11847,Newtonmore,8668
G53 7NX,NIT,55.811459,-4.359612,Nitshill,9609
EH39 4DA,NBW,56.056727,-2.729628,North Berwick,9358
KY11 1JH,NQU,56.012061,-3.395194,North Queensferry,9189
PA34 4NU,OBN,56.412303,-5.473688,Oban,8725
PA1 1YU,PCN,55.840461,-4.424157,Paisley Canal,9657
PA1 1BS,PYG,55.847151,-4.424192,Paisley Gilmour Street,9683
PA3 1RQ,PYJ,55.851111,-4.442364,Paisley St James,9664
G11 6DB,PTK,55.870241,-4.309083,Partick,9917
G77 6NR,PTT,55.79216,-4.331964,Patterton,9775
PH2 0DR,PTH,56.389822,-3.439515,Perth,8805
PH16 5BN,PIT,56.702932,-3.734706,Pitlochry,8801
IV52 8TF,PLK,57.333009,-5.666209,Plockton,8670
G43 1UB,PWE,55.8253,-4.287131,Pollokshaws East,9820
G43 1NZ,PWW,55.823324,-4.300554,Pollokshaws West,9804
G41 2SX,PLE,55.841011,-4.270117,Pollokshields East,9821
G41 4LW,PLW,55.837282,-4.2764,Pollokshields West,9623
FK2 0UF,PMT,55.983851,-3.715238,Polmont,9936
PA14 5JN,PTG,55.933117,-4.690262,Port Glasgow,9667
AB12 4PT,PLN,57.06165,-2.129267,Portlethen,8860
G22 6LW,PPK,55.89036,-4.256974,Possilpark & Parkhouse,9958
EH32 9ES,PST,55.953391,-2.975047,Prestonpans,9366
KA9 2PJ,PRA,55.509274,-4.610511,Prestwick International Airport,9544
KA9 1HQ,PTW,55.502464,-4.613703,Prestwick Town,9543
G53 6UL,PTL,55.812413,-4.344298,Priesthill & Darnley,9808
G42 8PH,QPK,55.835134,-4.267107,Queens Park (Glasgow),9822
PH17 2QA,RAN,56.685784,-4.576443,Rannoch,8834
G82 4ND,RTN,55.970114,-4.585736,Renton,9867
TD14 5JS,RSN,55.852212,-2.189304,Reston [station],8634
G33 1AF,RRN,55.882213,-4.174079,Robroyston,7780
IV28 3XA,ROG,57.987785,-4.154509,Rogart,8671
KY11 2XW,ROS,56.045038,-3.428155,Rosyth,9190
PH31 4AG,RYB,56.888052,-4.837143,Roy Bridge,8835
G73 1DT,RUT,55.829553,-4.210863,Rutherglen,9787
KA21 5JT,SLT,55.633924,-4.784256,Saltcoats,9547
DG4 6BS,SQH,55.371094,-3.923823,Sanquhar,9549
KW12 6XJ,SCT,58.480141,-3.550638,Scotscalder,8672
G13 1UY,SCH,55.885088,-4.352902,Scotstounhill,9996
EH22 1SB,SFI,55.91535,-3.088424,Shawfair,6963
G41 3SW,SHL,55.829039,-4.292892,Shawlands,9823
G32 0PF,SLS,55.854204,-4.160368,Shettleston,9903
ML2 7TQ,SDM,55.777929,-3.957012,Shieldmuir,9552
ML7 4BH,SHS,55.819351,-3.799916,Shotts,9739
G81 2JQ,SIN,55.907193,-4.404274,Singer,9988
EH14 1PZ,SLA,55.927127,-3.243902,Slateford,9236
EH12 7XH,SGL,55.936866,-3.299349,South Gyle,9318
PH34 4ER,SBR,56.890752,-4.922672,Spean Bridge,8836
G21 4TP,SPR,55.88201,-4.229915,Springburn,9997
KY15 5RT,SPF,56.294455,-3.05161,Springfield,9175
G33 6HG,SPS,55.890898,-4.141345,Stepps,9842
KA20 3LB,STV,55.633909,-4.750382,Stevenston,9553
KA3 5BE,STT,55.682531,-4.517143,Stewarton,9554
FK8 2BY,STG,56.119866,-3.935358,Stirling,9888
AB39 2NE,STN,56.9663,-2.225573,Stonehaven,8964
TD1 2SQ,SOI,55.691614,-2.865454,Stow,9396
DG9 8EJ,STR,54.909393,-5.025143,Stranraer,9555
IV54 8YR,STC,57.423559,-5.428956,Strathcarron,8673
IV53 8UJ,STF,57.352246,-5.554199,Stromeferry,8674
G20 0HY,SUM,55.898513,-4.291439,Summerston,9959
IV19 1JA,TAI,57.813766,-4.05181,Tain,8676
PA35 1JN,TAY,56.429703,-5.240373,Taynuilt,8727
G46 7RJ,THB,55.810866,-4.312108,Thornliebank,9812
G74 5QA,THT,55.768453,-4.24914,Thorntonhall,9825
KW14 7DL,THS,58.590101,-3.527751,Thurso,8677
KA10 6JY,TRN,55.542749,-4.655628,Troon,9562
PH31 4AR,TUL,56.88843,-4.683346,Tulloch,8837
TD1 3SP,TWB,55.604795,-2.75983,Tweedbank,9500
FK20 8RZ,TYL,56.435891,-4.712861,Tyndrum Lower,8728
G71 7LR,UDD,55.821007,-4.082636,Uddingston,9776
EH54 5QE,UHA,55.918333,-3.502668,Uphall,9373
FK20 8RQ,UTY,56.437001,-4.710588,'Tyndrum Upper' [Upper Tyndrum],8838
EH21 8AA,WAF,55.93922,-3.013081,Wallyford,9365
PA18 6AR,WMS,55.876238,-4.888831,Wemyss Bay,9673
EH55 8BQ,WCL,55.852772,-3.566736,West Calder,9250
KA23 9DD,WKB,55.696105,-4.850723,West Kilbride,9564
EH14 3HR,WTA,55.914115,-3.285532,Wester Hailes,9231
G61 1PB,WES,55.905597,-4.335343,Westerton,9998
ML5 4EE,WFF,55.853077,-4.017697,Whifflet,9753
PA15 3LA,WNL,55.938932,-4.745261,Whinhill,9665
G46 6SA,WCR,55.789776,-4.310175,Whitecraigs,9777
KW1 5LB,WCK,58.441052,-3.097185,Wick,8680
G76 7NP,WLM,55.793426,-4.290208,Williamwood,9781
ML2 0EX,WSH,55.772104,-3.926412,Wishaw,9694
PA14 6QX,WDL,55.931177,-4.655431,Woodhall,9639
G81 1JQ,YOK,55.892537,-4.38798,Yoker,9990
