Key,Field,Field Name,Length,Position,Description
"",1,UPDATE_MARKER,1,1-1,"In a ‘changes only’ update file, indicates whether the"
"",,,,,"record is to be inserted, amended or deleted (‘I’/’A’/’D’)."
"",,,,,For a full file refresh all update markers in the file will be
"",,,,,set to ‘R’.
Y,2,RECORD_TYPE,1,2-2,Contains ‘S’.
Y,3,UIC_CODE,7,3-9,UIC code of location.
Y,4,END_DATE,8,10-17,Last date for which this record can be used. Format is
"",,,,,ddmmyyyy.  A high date (31122999) is used to indicate
"",,,,,records which have no defined end date.
Y,5,START_DATE,8,18-25,First date for which this record can be used. Format is
"",,,,,ddmmyyyy.
Y,6,DESCRIPTION,16,26-41,Synonym name.
