Key,Field,Field Name,Length,Position,Description
"",1,RECORD_TYPE,1,1-1,Contains ‘D’.
Y,2,STATUS_CODE,3,2-4,3-character status code.
Y,3,END_DATE,8,5-12,Last date for which this record can be used.
"",,,,,Format is ddmmyyyy.  A high date (31122999) is
"",,,,,used to indicate records which have no defined
"",,,,,end date.
Y,4,DISCOUNT_CATEGORY,2,13-14,A value from 1 to 20 to indicate the discount
"",,,,,category for which the following fields apply.
"",5,DISCOUNT_INDICATOR,1,15-15,Indicates whether a discount applies for this
"",,,,,discount category. Permitted values are:
"",,,,,‘0’ – Discount the fare by the amount in
"",,,,,DISCOUNT_PERCENTAGE.
"",,,,,‘F’ – Use the appropriate flat fare for the status
"",,,,,from FIRST_SINGLE_MAX_FLAT/
"",,,,,FIRST_RETURN_MAX_FLAT/
"",,,,,STD_SINGLE_MAX_FLAT/
"",,,,,STD_RETURN_MAX_FLAT (depending on
"",,,,,"whether the ticket is standard or first, single or"
"",,,,,return).
"",,,,,‘M’ – Discount the fare by the amount in discount
"",,,,,percentage. If the fare after discount is higher than
"",,,,,the amount in FIRST_SINGLE_MAX_FLAT/
"",,,,,FIRST_RETURN_MAX_FLAT/
"",,,,,STD_SINGLE_MAX_FLAT/
"",,,,,STD_RETURN_MAX_FLAT (depending on
"",,,,,"whether the ticket is standard or first, single or"
"",,,,,return) then the appropriate MAX/FLAT value
"",,,,,should be charged.
"",,,,,‘H’ – Discount the fare by the amount in discount
"",,,,,percentage. If the fare after discount is lower than
"",,,,,the FIRST/STD_HIGHER_MIN (depending on the
"",,,,,ticket class) fare in FIRST/STD_HIGHER_MIN
"",,,,,should be charged.
"",,,,,‘L’ – Discount the fare by the amount in discount
"",,,,,percentage. If the fare after discount is lower than
"",,,,,the FIRST/STD_LOWER_MIN (depending on the
"",,,,,ticket class) fare in FIRST/STD_LOWER_MIN
"",,,,,should be charged.
"",,,,,‘X’ or ‘N’ – Do not apply any discount.
"",6,DISCOUNT_PERCENTA,3,16-18,The percentage discount which applies when this
"",,GE,,,discount category is used.  This is the discount
"",,,,,percentage to one decimal place.  A value of 300
"",,,,,in this field indicates that the discount percentage
"",,,,,is 30.0%.
