Key,Field,Field Name,Length,Position,Description
Y,1,RECORD_TYPE,1,1-1,Contains ‘P’.
Y,2,PACKAGE_CODE,3,2-4,3-character package code.
Y,3,END_DATE,8,5-12,Last date for which this record can be used.
"",,,,,Format is ddmmyyyy.  A high date (31122999) is
"",,,,,used to indicate records which have no defined
"",,,,,end date.
"",4,START_DATE,8,13-20,First date for which this record can be used.
"",5,QUOTE_DATE,8,21-28,First date on which this record can be queried.
"",6,RESTRICTION_CODE,2,29-30,Note: with the introduction of PMS this field is
"",,,,,deprecated.
"",,,,,
"",,,,,(2-character restriction code.  May contain
"",,,,,spaces if no restriction applies to this package.)
"",7,ORIGIN_FACILITIES,26,31-56,Note: with the introduction of PMS this field is
"",,,,,deprecated.
"",,,,,
"",,,,,"(Up to 26 values, each of which may be space."
"",,,,,Any which are not space are compared with the
"",,,,,facilities at the journey origin.  If the journey origin
"",,,,,"does not have this facility, then the package is not"
"",,,,,available. The journey origin is deemed to be the
"",,,,,"origin of the Outward or Return journey, as"
"",,,,,appropriate.)
"",8,DESTINATION_FACILITIES,26,57-82,Note: with the introduction of PMS this field is
"",,,,,deprecated.
"",,,,,
"",,,,,"(Up to 26 values, each of which may be space."
"",,,,,Any which are not space are compared with the
"",,,,,facilities at the journey destination.  If the journey
"",,,,,"destination does not have this facility, then the"
"",,,,,package is not available. The journey destination
"",,,,,is deemed to be the destination of the Outward or
"",,,,,"Return journey, as appropriate.)"
