Key,Field,Field Name,Length,Position,Description
"",1,UPDATE_MARKER,1,1-1,This file is always supplied as a full file refresh.
"",,,,,All update markers in the file will be set to ‘R’.
Y,2,ORIGIN_CODE,4,2-5,"A code representing the flow origin, either NLC,"
"",,,,,Location Zone No or Location County.
Y,3,DESTINATION_CODE,4,6-9,"A code representing the flow destination, either"
"",,,,,NLC or Location County. Does not include a
"",,,,,Location Zone No.
Y,4,ROUTE_CODE,5,10-14,5-digit route code.
Y,5,RAILCARD_CODE,3,15-17,Railcard code.  May be spaces if the non-
"",,,,,derivable fare applies without a railcard
"",,,,,discount.
Y,6,TICKET_CODE,3,18-20,Fare ticket code.
Y,7,ND_RECORD_TYPE,1,21-21,"Value = ’N’, to indicate a non-derivable fare"
"",,,,,record.
Y,8,END_DATE,8,22-29,Last date for which this record can be used.
"",,,,,Format is ddmmyyyy.  A high date (31122999)
"",,,,,is used to indicate records which have no
"",,,,,defined end date.
"",,,,,Subject to above Capping Rules.
"",9,START_DATE,8,30-37,First date for which this record can be used.
"",,,,,Format is ddmmyyyy.
"",,,,,Subject to above Capping Rules.
"",10,QUOTE_DATE,8,38-45,First date on which this record can be used for
"",,,,,queries.  Format is ddmmyyyy.
"",11,SUPPRESS_MKR,1,46-46,Value = ‘N’.  The suppress marker is only used
"",,,,,in the non-derivable fare overrides file.
"",12,ADULT_FARE,8,47-54,"An 8-character numeric fare value, in pence."
"",,,,,99999999 indicates that no adult fare is
"",,,,,available for the ticket/railcard combination.
"",13,CHILD_FARE,8,55-62,"An 8-character numeric fare value, in pence."
"",,,,,99999999 indicates that no child fare is
"",,,,,available for the ticket/railcard combination.
"",14,RESTRICTION_CODE,2,63-64,2-character restriction code; may be spaces.
"",15,COMPOSITE_INDICATOR,1,65-65,"A single character, either Y or N.  If this value is"
"",,,,,"set to Y, then this record should be used when"
"",,,,,calculating fares.  Otherwise this record should
"",,,,,"not be used, as the fare is already included in"
"",,,,,the flow file.
"",16,CROSS_LONDON_IND,1,66-66,Indicates whether this is a cross London fare (Y
"",,,,,or N).
"",17,PS_IND,1,67-67,Indicates whether private settlement applies to
"",,,,,this fare (Y or N).
