13,NS_DISC_IND,1,41-41,Indicates whether non-standard discounts apply to
"",,,,the fares on this flow.
"",,,,"'0’ = Railway flow, standard discounts to apply"
"",,,,"‘1’ = Railway flow, non-standard discounts apply"
"",,,,"‘2’ = Private settlement, standard discounts apply"
"",,,,"‘3’ = Private settlement, non-standard discounts apply"
14,PUBLICATON_IND,1,42-42,Values ‘Y’ or ‘N’ to indicate whether or not the fares
"",,,,on this flow are published in the National Fares
"",,,,Manual.
15,FLOW_ID,7,43-49,Uniquely identifies this flow.
