Key,Field,Field Name,Length,Position,Description
"",11,STD_RETURN_MAX_FLAT,8,56-63,Contains either the maximum fare to be
"",,,,,charged following discount for a standard class
"",,,,,"return ticket, or a standard class return flat fare,"
"",,,,,"depending on how the discount is applied, in"
"",,,,,pence. Contains zero if neither of the above is
"",,,,,applicable.
"",,,,,"Field 19, SR_MKR, presently does not contain"
"",,,,,"valid data; therefore, value 99999999 indicates"
"",,,,,that a std class discount is not applicable.
"",12,FIRST_LOWER_MIN,8,64-71,"Contains the lower minimum fare, in pence, for"
"",,,,,a first-class ticket.
"",13,FIRST_HIGHER_MIN,8,72-79,"Contains the higher minimum fare, in pence, for"
"",,,,,a first-class ticket.
"",14,STD_LOWER_MIN,8,80-87,"Contains the lower minimum fare, in pence, for"
"",,,,,a standard class ticket.
"",15,STD_HIGHER_MIN,8,88-95,"Contains the higher minimum fare, in pence, for"
"",,,,,a standard class ticket.
"",16,FS_MKR,1,96-96,‘Y’ or ‘N’ to indicate whether this railcard may
"",,,,,be used with First class single tickets.
"",,,,,
"",,,,,PMS Note: Until a change within PMS is
"",,,,,implemented the field value shall always be ‘Y’.
"",,,,,Suppliers shall be advised when the change
"",,,,,has been implemented. Until such time see
"",,,,,"Field 8, FIRST_SINGLE_MAX_FLAT."
"",17,FR_MKR,1,97-97,‘Y’ or ‘N’ to indicate whether this railcard may
"",,,,,be used with First class return tickets.
"",,,,,
"",,,,,PMS Note: Until a change within PMS is
"",,,,,implemented the field value shall always be ‘Y’.
"",,,,,Suppliers shall be advised when the change
"",,,,,has been implemented. Until such time see
"",,,,,"Field 9, FIRST_RETURN_MAX_FLAT."
"",18,SS_MKR,1,98-98,‘Y’ or ‘N’ to indicate whether this railcard may
"",,,,,be used with Standard class single tickets.
"",,,,,
"",,,,,PMS Note: Until a change within PMS is
"",,,,,implemented the field value shall always be ‘Y’.
"",,,,,Suppliers shall be advised when the change
"",,,,,has been implemented. Until such time see
"",,,,,"Field 10, STD_SINGLE_MAX_FLAT."
"",19,SR_MKR,1,99-99,‘Y’ or ‘N’ to indicate whether this railcard may
"",,,,,be used with Standard class return tickets.
"",,,,,
"",,,,,PMS Note: Until a change within PMS is
"",,,,,implemented the field value shall always be ‘Y’.
"",,,,,Suppliers shall be advised when the change
"",,,,,has been implemented. Until such time see
"",,,,,"Field 11, STD_RETURN_MAX_FLAT."
