Key,Field,Field Name,Length,Position,Description
"",1,UPDATE_MARKER,1,1-1,"In a ‘changes only’ update file, indicates whether the"
"",,,,,"record is to be inserted, amended or deleted (‘I’/’A’/’D’)."
"",,,,,For a full file refresh all update markers in the file will be
"",,,,,set to ‘R’.
Y,2,RECORD_TYPE,2,2-3,Contains ‘TR’.
Y,3,CF_MKR,1,4-4,Either ‘C’ or ‘F’.  Used to determine the start and end
"",,,,,dates for this record.
Y,4,RESTRICTION_CODE,2,5-6,Alphanumeric restriction code.
Y,5,SEQUENCE_NO,4,7-10,Numeric sequence number.  Several time restrictions
"",,,,,may apply with the same restriction code; this field is
"",,,,,used to uniquely identify them.
Y,6,OUT_RET,1,11-11,"‘O’ or ‘R’, to indicate whether the restriction applies to"
"",,,,,outward journeys or return journeys.
"",7,TIME_FROM,4,12-15,4 numeric characters in the format HHMM. Gives the
"",,,,,start time at which this time restriction applies.
"",8,TIME_TO,4,16-19,4 numeric characters in the format HHMM. Gives the
"",,,,,end time until which this time restriction applies.
"",9,ARR_DEP_VIA,1,20-20,"‘A’, ‘D’ or ‘V’. Indicates whether the time restriction"
"",,,,,"applies to arrivals at, departures from or changing at"
"",,,,,the location in LOCATION.
"",10,LOCATION,3,21-23,CRS code of a location denoting a journey
"",,,,,origin/destination or via location at which the restriction
"",,,,,may apply.
"",,,,,Three spaces in this field means that restriction is not
"",,,,,station specific
"",11,RSTR_TYPE,1,24-24,‘T’ or ‘A’.  Indicates whether the time restriction relates
"",,,,,to the timetable or actual running time of the train.
"",12,TRAIN_TYPE,1,25-25,Contains a sector code which is used to indicate that
"",,,,,the restriction applies to particular train types.
"",13,MIN_FARE_FLAG,1,26-26,‘Y’ or ‘N’.
"",,,,,‘Y’ indicates that if the restriction applies then the fare is
"",,,,,valid but a minimum fare must be used.
"",,,,,‘N’ indicates that if restriction applies then fare is not
"",,,,,valid.
