Key,Field,Field Name,Length,Position,Description
"",1,UPDATE_MARKER,1,1-1,"In a ‘changes only’ update file, indicates whether the"
"",,,,,"record is to be inserted, amended or deleted (‘I’/’A’/’D’)."
"",,,,,For a full file refresh all update markers in the file will be
"",,,,,set to ‘R’.
Y,2,RECORD_TYPE,2,2-3,Contains ‘CA’.
Y,3,CF_MKR,1,4-4,Either ‘C’ or ‘F’. Used to determine the start and end
"",,,,,dates for this record.
Y,4,TICKET_CODE,3,5-7,Ticket or supplement code.
Y,5,CAL_TYPE,1,8-8,Calendar type.
"",,,,,‘I’ type calendars indicate days on which a ticket is not
"",,,,,"available,"
"",,,,,"‘D’ indicates that the ticket is restricted on those dates,"
"",,,,,‘S’ is used for supplement calendars.
Y,6,ROUTE_CODE,5,9-13,Route code.  The calendar applies only to this route.  If
"",,,,,"spaces, the calendar applies to all routes.  Always"
"",,,,,spaces for Supplement calendars.
Y,7,COUNTRY_CODE,1,14-14,"Country code, ‘E’ for England, ‘S’ for Scotland or space."
"",,,,,The calendar applies to locations in Scotland or England
"",,,,,or all locations. Always space for Supplement calendars.
Y,8,DATE_FROM,4,15-18,Date band start date (within the start date/end date of the
"",,,,,"restriction, indicated by Current or Future) in the form"
"",,,,,MMDD.
Y,9,DATE_TO,4,19-22,Date band end date (within the start date/end date of the
"",,,,,"restriction, indicated by Current or Future) in the form"
"",,,,,MMDD.
"",10,DAYS,7,23-29,"A set of 7 markers each set to ‘Y’ or ‘N’, representing the"
"",,,,,days of the week.  The first character represents Monday.
"",,,,,"If the marker = ‘Y’, then the restriction applies on this day"
"",,,,,"of the week, between the dates in"
"",,,,,"DATE_FROM/DATE_TO.  If the marker is ‘N’, then the"
"",,,,,"restriction does not apply on this day of the week,"
"",,,,,between the dates in DATE_FROM/DATE_TO.
