Key,Field,Field Name,Length,Position,Description
Y,1,CLASS,1,1-1,Class indicator
Y,2,END_DATE,8,2-9,Last date for which this record can be used. Format is
"",,,,,ddmmyyyy.  A high date (31122999) is used to indicate records
"",,,,,which have no defined end date.
"",3,START_DATE,8,10-17,The First date for which this record can be used. Format is
"",,,,,ddmmyyyy.
"",4,ATB_DESC,8,18-25,Class description to be printed on ATB (airline) size tickets.
"",5,CC_DESC,3,26-28,Class description to be printed on credit card size tickets.
