Key,Field,Field Name,Length,Position,Description
"",1,UPDATE-MARKER,1,1-1,"In a ‘changes only’ update file, indicates whether the"
"",,,,,"record is to be inserted, amended or deleted (‘I’/’A’/’D’)."
"",,,,,For a full file refresh all update markers in the file will be
"",,,,,set to ‘R’.
Y,2,CLUSTER_ID,4,2-5,4-character code (alphanumeric) representing the NLC
"",,,,,code at which the cluster fares are set.
Y,3,CLUSTER_NLC,4,6-9,NLC code of a location which is a member of the cluster (it
"",,,,,may also be a zone code or a county code).  The fares for
"",,,,,this location may be set using the Cluster NLC instead of
"",,,,,this NLC.  A member may exist in several clusters.
Y,4,END_DATE,8,10-17,Last date for which this record can be used. Format is
"",,,,,ddmmyyyy.  A high date (31122999) is used to indicate
"",,,,,records which have no defined end date.
"",5,START_DATE,8,18-25,First date for which this record can be used. Format is
"",,,,,ddmmyyyy.
