Key,Field,Field Name,Length,Position,Description
"",1,UPDATE_MARKER,1,1-1,"In a ’changes only’ update file, indicates"
"",,,,,"whether the record is to be inserted, amended"
"",,,,,or deleted (‘I’/’A’/’D’).  For a full file refresh all
"",,,,,update markers in the file will be set to ‘R’.
Y,2,RECORD_TYPE,1,2-2,Contains ’O’.
Y,3,SUPPLEMENT_CODE,3,3-5,A unique supplement code.
Y,4,END_DATE,8,6-13,Last date for which this record can be used.
"",,,,,A high date (31122999) is used to indicate
"",,,,,records which have no defined end date.
Y,5,OVERRIDDEN_SUPPLEMENT,3,14-16,Supplement code.  A supplement whose cost
"",,,,,is overridden by the supplement in
"",,,,,SUPPLEMENT_CODE.
