Key,Field,Field Name,Length,Position,Description
"",1,UPDATE_MARKER,1,1-1,"In a ‘changes only’ update file, indicates whether the"
"",,,,,"record is to be inserted, amended or deleted (‘I’/’A’/’D’)."
"",,,,,For a full file refresh all update markers in the file will be
"",,,,,set to ‘R’.
Y,2,RECORD_TYPE,2,2-3,Contains ‘EC’.
Y,3,CF_MKR,1,4-4,Either ‘C’ or ‘F’.  Used to determine the start and end
"",,,,,dates for this record.
Y,4,EXCEPTION_CODE,1,5-5,Exception code.
"",5,DESCRIPTION,50,6-55,Exception description.
