Key,Field,Field Name,Length,Position,Description
"",19,REGION,1,86-86,Identifies the region using a code
"",,,,,"‘0’ = non-BR or LUL,"
"",,,,,"‘1’ = ER,"
"",,,,,"‘2’ = LMR,"
"",,,,,"‘3’ = SCR,"
"",,,,,"‘4’ = SR,"
"",,,,,‘5’ = WR and
"",,,,,‘6’ = LUL.
"",20,HIERARCHY,1,87-87,Where the location fits in the hierarchy of location
"",,,,,"types (e.g. major station, minor station)."
"",,,,,Note – this field is obsolete and will set to space for
"",,,,,all new locations.
"",21,CC_DESC_OUT,41,88-128,Location description for credit card size tickets for
"",,,,,the outward journey from this location.
"",22,CC_DESC_RTN,16,129-144,Location description for credit card size tickets for
"",,,,,the return journey to this location.
"",23,ATB_DESC_OUT,60,145-204,Location description for ATB (airline) size tickets for
"",,,,,the outward journey from this location.
"",24,ATB_DESC_RTN,30,205-234,Location description for ATB (airline) size tickets for
"",,,,,the return journey to this location.
"",25,SPECIAL_FACILITIES,26,235-260,"Indicates the facilities available at the location, each"
"",,,,,character represents a special facility.
"",26,LUL_DIRECTION_IND,1,261-261,"Values ‘0’, ‘1’, ‘2’, ‘3’ or space.  Used for LUL"
"",,,,,magnetic stripe encoding.
"",27,LUL_UTS_MODE,1,262-262,Used to indicate which transport modes are encoded
"",,,,,in the ticket (LUL magnetic stripe encoding).
"",28,LUL_ZONE_1,1,263-263,"Value = ‘Y’ or ‘N’, used for LUL magnetic stripe"
"",,,,,encoding. Please note that this information is
"",,,,,"supplied from the source system, and is not"
"",,,,,validated by DTD.
"",29,LUL_ZONE_2,1,264-264,"Value = ‘Y’ or ‘N’, used for LUL magnetic stripe"
"",,,,,encoding. Please note that this information is
"",,,,,"supplied from the source system, and is not"
"",,,,,validated by DTD.
"",30,LUL_ZONE_3,1,265-265,"Value = ‘Y’ or ‘N’, used for LUL magnetic stripe"
"",,,,,encoding. Please note that this information is
"",,,,,"supplied from the source system, and is not"
"",,,,,validated by DTD.
"",31,LUL_ZONE_4,1,266-266,"Value = ‘Y’ or ‘N’, used for LUL magnetic stripe"
"",,,,,encoding. Please note that this information is
"",,,,,"supplied from the source system, and is not"
"",,,,,validated by DTD.
"",32,LUL_ZONE_5,1,267-267,"Value = ‘Y’ or ‘N’, used for LUL magnetic stripe"
"",,,,,encoding. Please note that this information is
"",,,,,"supplied from the source system, and is not"
"",,,,,validated by DTD.
"",33,LUL_ZONE_6,1,268-268,"Value = ‘Y’ or ‘N’, used for LUL magnetic stripe"
"",,,,,encoding. Please note that this information is
"",,,,,"supplied from the source system, and is not"
"",,,,,validated by DTD.
"",34,LUL_UTS_LONDON_STN,1,269-269,Values are ‘0’ or ‘1’.  Indicates whether the station is
"",,,,,a London station. Used for LUL magnetic stripe
"",,,,,encoding. Please note that this information is
"",,,,,"supplied from the source system, and is not"
"",,,,,validated by DTD.
"",35,UTS_CODE,3,270-272,Location code for UTS.  Used for LUL magnetic
"",,,,,stripe encoding.
"",36,UTS_A_CODE,3,273-275,Alternative UTS code. Used for LUL magnetic stripe
"",,,,,encoding.
"",37,UTS_PTR_BIAS,1,276-276,Used for LUL magnetic stripe encoding.
"",38,UTS_OFFSET,1,277-277,Used for LUL magnetic stripe encoding.
"",39,UTS_NORTH,3,278-280,Used for LUL magnetic stripe encoding.
