Key,Field,Field Name,Length,Position,Description
"",1,UPDATE-MARKER,1,1-1,"In a ‘changes only’ update file, indicates whether the"
"",,,,,"record is to be inserted, amended or deleted"
"",,,,,(‘I’/’A’/’D’).  For a full file refresh all update markers in
"",,,,,the file will be set to ‘R’.
Y,2,RECORD_TYPE,1,2-2,Contains ‘F’.
Y,3,ORIGIN_CODE,4,3-6,"A code representing the flow origin (4 digit NLC code,"
"",,,,,"county code, zone code).  This may be a cluster NLC,"
"",,,,,in which case this flow applies to all stations in the
"",,,,,cluster.  Where DIRECTION = ‘R’ then this flow may
"",,,,,"also be used for fares in the reverse direction, in"
"",,,,,which case ORIGIN-CODE should be used as
"",,,,,DESTINATION-CODE in the reverse direction.
Y,4,DESTINATION_CODE,4,7-10,A code representing the flow destination (4 digit NLC
"",,,,,"code or county code).  This may be a cluster NLC, in"
"",,,,,which case this flow applies to all stations in the
"",,,,,cluster.  Where DIRECTION = ‘R’ then this flow may
"",,,,,"also be used for fares in the reverse direction, in"
"",,,,,which case DESTINATION-CODE should be used as
"",,,,,ORIGIN-CODE in the reverse direction.
Y,5,ROUTE_CODE,5,11-15,Route code.
Y,6,STATUS_CODE,3,16-18,3-digit status code.  This value is used to indicate the
"",,,,,status for which the fares on the record apply.  Status
"",,,,,code for adult fare is ‘000’.
Y,7,USAGE_CODE,1,19-19,Permitted values are ‘G’ or ‘A’.
"",,,,,‘A’ indicates that this is an actual fare set for this flow.
"",,,,,‘G’ indicates that the flow has been constructed by
"",,,,,concatenating two or more other flows (flows
"",,,,,produced by agreements).
"",,,,,
"",,,,,Note: The change in permitted values (‘C’ records are
"",,,,,no longer created) takes effect when PMS becomes
"",,,,,the primary data distributer.
Y,8,DIRECTION,1,20-20,Values are either ‘S’ to indicate that the fare applies
"",,,,,"in a single direction, or ‘R’ to indicate that the fare"
"",,,,,applies in both directions (it is reversible).
Y,9,END_DATE,8,21-28,Last date for which this record can be used. Format is
"",,,,,ddmmyyyy.  A high date (31122999) is used to
"",,,,,indicate records which have no defined end date.
"",10,START_DATE,8,29-36,First date for which this record can be used. Format
"",,,,,is ddmmyyyy.
"",11,TOC,3,37-39,The Fare TOC code of the TOC setting the fares on
"",,,,,the flow.
"",12,CROSS_LONDON_IND,1,40-40,Values are
"",,,,,"‘0’ to indicate not via London,"
"",,,,,"‘1’ to indicate via London including Underground,"
"",,,,,"‘2’ to indicate via London excluding Underground,"
"",,,,,‘3’ to indicate via Thameslink.
