Key,Field,Field Name,Length,Position,Description
"",23,RESERVATION_REQUIRED,1,99-99,Indicates whether reservation is required when
"",,,,,using this ticket.
"",,,,,Values are
"",,,,,"‘N’ (no),"
"",,,,,"‘O’ (reservation required on outward journey),"
"",,,,,"‘R’ (reservation required on outward journey),"
"",,,,,‘B’ (reservation required on both outward and
"",,,,,"return journey),"
"",,,,,‘E’ (reservation required either outward or
"",,,,,return journey).
"",24,CAPRI_CODE,3,100-102,CAPRI code.
"",25,LUL_93,1,103-103,Used for ticket issue.  This field is used when
"",,,,,encoding the end date of the ticket.
"",,,,,"Valid values are ‘Y’ and ‘N’, but please note that"
"",,,,,this information is supplied from the source
"",,,,,"system, and is not validated by DTD."
"",26,UTS_CODE,2,104-105,Used in LUL magnetic stripe encoding to
"",,,,,indicate the ticket type (e.g. ‘98’ = season).
"",,,,,"Permitted values are ‘ 0’, ‘00’, ‘01’, ‘04’, ‘29’ or"
"",,,,,‘98’.
"",27,TIME_RESTRICTION,1,106-106,Contains a numeric value recognised by the
"",,,,,underground gate to indicate the earliest time at
"",,,,,which the gate can be operated with this ticket.
"",,,,,"Permitted values are ‘0’, ‘1’, ‘2’ or ‘3’.Used in"
"",,,,,magnetic stripe encoding.
"",28,FREE_PASS_LUL,1,107-107,Used for package fares only.  Indicates whether
"",,,,,‘free passengers’ in the package get LUL travel
"",,,,,included as part of the package.
"",,,,,"Permitted values are ‘Y’, ‘N’ or space if the"
"",,,,,ticket type is not a package.
"",,,,,Note – this field is obsolete and will always be
"",,,,,set to space for new ticket type records.
"",29,PACKAGE_MKR,1,108-108,Indicates whether this ticket is a package.
"",,,,,"‘N’ = Not a package,"
"",,,,,"‘S’ = Supplements package,"
"",,,,,"‘F’= Fares package,"
"",,,,,‘P’ = both fares and supplements package.
"",30,FARE_MULTIPLIER,3,109-111,Multiplication factor used when calculating
"",,,,,package fares.
"",31,DISCOUNT_CATEGORY,2,112-113,Discount category.  Used when a ticket is
"",,,,,discounted to find the discount amount in the
"",,,,,appropriate railcard’s status discount record.
