Key,Field,Field Name,Length,Position,Description
"",1,UPDATE_MARKER,1,1-1,"In a ‘changes only’ update file, indicates"
"",,,,,"whether the record is to be inserted, amended"
"",,,,,or deleted (‘I’/’A’/’D’).  For a full file refresh all
"",,,,,update markers in the file will be set to ‘R’.
Y,2,TICKET_CODE,3,2-4,Alphanumeric ticket code.
Y,3,END_DATE,8,5-12,Last date for which this record can be used.
"",,,,,Format is ddmmyyyy.  A high date (31122999)
"",,,,,is used to indicate records which have no
"",,,,,defined end date.
"",4,START_DATE,8,13-20,First date for which this record can be used.
"",,,,,Format is ddmmyyyy.
"",5,QUOTE_DATE,8,21-28,First date on which this record can be queried.
"",,,,,Format is ddmmyyyy.
"",6,DESCRIPTION,15,29-43,Ticket description.
"",7,TKT_CLASS,1,44-44,"Ticket class, currently ‘1’, ‘2’ or ‘9’."
"",8,TKT_TYPE,1,45-45,"Ticket type; single, return or season (‘S’, ‘R’ or"
"",,,,,‘N’).
"",9,TKT_GROUP,1,46-46,"Ticket group; First, Standard, Promotion or"
"",,,,,"Euro (‘F’, ‘S’, ‘P’ or ‘E’)."
"",10,LAST_VALID_DAY,8,47-54,Last date on which travel using this ticket is
"",,,,,valid. Format is ddmmyyyy. A high date
"",,,,,(31122999) is used to indicate records which
"",,,,,have no defined end date.
"",11,MAX_PASSENGERS,3,55-57,Defines the maximum number of passengers
"",,,,,who can travel on one ticket.
"",12,MIN_PASSENGERS,3,58-60,Defines the minimum number of passengers
"",,,,,who can travel on one ticket.
"",13,MAX_ADULTS,3,61-63,Defines the maximum number of adults who
"",,,,,can travel on one ticket.
"",14,MIN_ADULTS,3,64-66,Defines the minimum number of adults who can
"",,,,,travel on one ticket.
"",15,MAX_CHILDREN,3,67-69,Defines the maximum number of children who
"",,,,,can travel on one ticket.
"",16,MIN_CHILDREN,3,70-72,Defines the minimum number of children who
"",,,,,can travel on one ticket.
"",17,RESTRICTED_BY_DATE,1,73-73,‘Y’ or ‘N’ to indicate whether the ticket is
"",,,,,restricted to particular dates.
"",18,RESTRICTED_BY_TRAIN,1,74-74,‘Y’ or ‘N’ to indicate whether the ticket is
"",,,,,restricted to particular trains.
"",19,RESTRICTED_BY_AREA,1,75-75,‘Y’ or ‘N’ to indicate whether the ticket is
"",,,,,restricted to a particular area.
"",20,VALIDITY_CODE,2,76-77,Validity code.
"",21,ATB_DESCRIPTION,20,78-97,Description to be printed on ATB (airline) type
"",,,,,tickets.
"",22,LUL_XLONDON_ISSUE,1,98-98,Number of gate passes to issue.  Permitted
"",,,,,"values are ‘0’, ‘1’ or ‘2’."
