Key,Field,Field Name,Length,Position,Description
"",1,UPDATE_MARKER,1,1-1,"In a ‘changes only’ update file, indicates whether the"
"",,,,,"record is to be inserted, amended or deleted (‘I’/’A’/’D’)."
"",,,,,For a full file refresh all update markers in the file will be
"",,,,,set to ‘R’.
Y,2,RECORD_TYPE,1,2-2,Contains ‘A’.
Y,3,RULE_NUMBER,3,3-5,Rule number.
Y,4,END_DATE,8,6-13,Last date for which this record can be used. Format is
"",,,,,ddmmyyyy.  A high date (31122999) is used to indicate
"",,,,,records which have no defined end date.
Y,5,IE_MARKER,1,14-14,"‘I’ to indicate “Includes”,"
"",,,,,‘E’ to indicate “Excludes”.
Y,6,CONDITION_TYPE,1,15-15,Indicates what the Include/Exclude marker refers to.
"",,,,,‘A’ indicates that the Railcard in IE_CODE is included
"",,,,,in/excluded from the rule.
"",,,,,‘E’ indicates that the Restriction in IE_CODE is included
"",,,,,in/excluded from the rule.
"",,,,,‘I’ indicates that the Ticket in IE_CODE is included
"",,,,,in/excluded from the rule.
"",,,,,‘O’ indicates that the TOC in IE_CODE is included
"",,,,,in/excluded from the rule.
Y,7,IE_CODE,3,16-18,"A ticket, railcard, restriction or TOC code, depending on"
"",,,,,the value of CONDITION_TYPE.
"",,,,,Note that ticket codes can include ‘*’ (e.g. ‘SR*’) to allow
"",,,,,matching on several tickets.
