Key,Field,Field Name,Length,Position,Description
Y,1,RULE_NO,2,1-2,Rounding rule number.  Values are alphanumeric.
Y,2,END_DATE,8,3-10,Last date for which this record can be used. Format is
"",,,,,ddmmyyyy.  A high date (31122999) is used to indicate
"",,,,,records which have no defined end date.
Y,3,RULE_INDEX,2,11-12,Sequence number within the rounding rule of the
"",,,,,max/round amounts.
"",4,START_DATE,8,13-20,First date for which this record can be used. Format is
"",,,,,ddmmyyyy.
"",5,MAX_AMOUNT,8,21-28,The maximum fare in pence to which the round amount
"",,,,,applies.  A value of 99999999 indicates a ‘high value’ and
"",,,,,applies to all fares which are higher than the next lowest
"",,,,,maximum amount in this rule.
"",6,ROUND_AMOUNT,8,29-36,"The amount, in pence, by which the fare is to be rounded,"
"",,,,,for fares up the value in MAX_AMOUNT.
