Key,Field,Field Name,Length,Position,Description
"",1,UPDATE_MARKER,1,1-1,"In a ‘changes only’ update file, indicates whether"
"",,,,,"the record is to be inserted, amended or deleted"
"",,,,,(‘I’/’A’/’D’).  For a full file refresh all update
"",,,,,markers in the file will be set to ‘R’.
Y,2,RECORD_TYPE,2,2-3,Contains ‘HA’.
Y,3,CF_MKR,1,4-4,Either ‘C’ or ‘F’.  Used to determine the start and
"",,,,,end dates for this record.
Y,4,RESTRICTION_CODE,2,5-6,Alphanumeric restriction code.
Y,5,ADDITIONAL_RESTRICTION,2,7-8,An additional restriction code which may also
"",,,,,apply if the ORIGIN and DESTINATION
"",,,,,matches the journey.
Y,6,ORIGIN,3,9-11,CRS code of journey origin to be matched to
"",,,,,determine whether the additional restriction
"",,,,,should be used.
Y,7,DESTINATION,3,12-14,CRS code of journey destination to be matched
"",,,,,to determine whether the additional restriction
"",,,,,should be used.
