Key,Field,Field Name,Length,Position,Description
Y,1,TICKET_CODE,3,1-3,Ticket Code
Y,2,RESTRICTION_CODE,2,4-5,Restriction code or spaces.
Y,3,RESTRICTION_FLAG,1,6-6,"Values are ‘0’, ‘1’ or ‘2’."
"",,,,,‘0’ indicates that the TOC Specific Ticket details apply to
"",,,,,this ticket/restriction code (above).
"",,,,,‘1’ indicates that the TOC Specific Ticket details apply to
"",,,,,this ticket when it is not restricted.
"",,,,,‘2’ indicates that the TOC Specific Ticket details apply to
"",,,,,this ticket regardless of restriction.
Y,4,DIRECTION,1,7-7,"‘O’, ‘R’ or ‘B’, to indicate that the TOC Specific Ticket"
"",,,,,"details apply to Outward journeys, Return journeys or"
"",,,,,Both.
Y,5,TOC_ID,2,8-9,TOC code or spaces.  Spaces indicate that the TOC
"",,,,,Specific Ticket details in this record apply to all
"",,,,,(connecting) TOCs.  This field will not be spaces if the
"",,,,,TOC_TYPE is set to ‘M’.
Y,6,TOC_TYPE,1,10-10,‘M’ indicates a Main TOC.  This ticket can be used only
"",,,,,where the trains used on the journey include a Main
"",,,,,TOC.
"",,,,,‘C’ indicates a Connecting TOC.  This ticket can be used
"",,,,,"on the trains of a connecting TOC, provided that the"
"",,,,,journey includes a train of one of the main TOCs.
Y,7,END_DATE,8,11-18,Last date for which this record can be used.  Format is
"",,,,,ddmmyyyy.  A high date (31122999) is used to indicate
"",,,,,records which have no defined end date.
"",8,START_DATE,8,19-26,First date for which this record can be used.  Format is
"",,,,,ddmmyyyy.
"",9,SLEEPER_MKR,1,27-27,‘Y’ or ‘N’.  Indicates whether sleeper accommodation is
"",,,,,required on the leg provided by this TOC.
"",10,INC_EXC_STOCK,1,28-28,‘I’ or ‘E’.
"",,,,,‘I’ indicates that the TOC Specific Ticket details apply
"",,,,,only to the stock types in the STOCK_LIST.  If the
"",,,,,"STOCK_LIST field is empty, then the TOC Specific"
"",,,,,Ticket details apply to all stock types.
"",,,,,‘E’ indicates that the TOC Specific Ticket details apply to
"",,,,,all stock types except those in the STOCK_LIST.  A
"",,,,,value will be supplied for STOCK_LIST whenever this
"",,,,,field is set to ‘E’.
"",11,STOCK_LIST,40,29-68,A comma separated list of stock types.
"",,,,,Valid stock types are currently
"",,,,,"‘DMU’,’HST’,’DME’,’DMS’,’DMA’,’D’,’E’,’ED’,’DEM’,’EMU’"
"",,,,,",’EML’"
