Key,Field,Field Name,Length,Position,Description
Y,1,TICKET_CODE,3,1-3,Ticket Code
Y,2,RESTRICTION_CODE,2,4-5,Restriction code or spaces.
Y,3,RESTRICTION_FLAG,1,6-6,"Values are ‘0’, ‘1’ or ‘2’."
"",,,,,‘0’ indicates that the Advance Purchase details apply
"",,,,,to this ticket/restriction code (above).
"",,,,,‘1’ indicates that the Advance Purchase details apply
"",,,,,to this ticket when it is not restricted.
"",,,,,‘2’ indicates that Advance Purchase details apply to
"",,,,,this ticket regardless of restriction.
Y,4,TOC_ID,2,7-8,TOC code or spaces. If a TOC code is supplied then
"",,,,,Advance Purchase details apply only to the specified
"",,,,,"TOC which operates the service, otherwise the"
"",,,,,"Advance Purchase details apply to this ticket,"
"",,,,,regardless of which TOC’s trains it is used on.
Y,5,END_DATE,8,9-16,Last date for which this record can be used.  Format is
"",,,,,ddmmyyyy.  A high date (31122999) is used to indicate
"",,,,,records which have no defined end date.
"",6,START_DATE,8,17-24,First date for which this record can be used.  Format is
"",,,,,ddmmyyyy.
"",7,CHECK_TYPE,1,25-25,Indicates which of the following fields should be
"",,,,,checked for this ticket/restriction/TOC.
"",,,,,‘0’ indicates that AP_DATA contains a BOOKING
"",,,,,DATE.
"",,,,,‘1’ indicates that AP_DATA contains ADVANCE
"",,,,,HOURS.
"",,,,,‘2’ indicates that AP_DATA contains ADVANCE DAYS.
"",8,AP_DATA,8,26-33,The value of this field depends on the value of
"",,,,,CHECK_TYPE.
"",,,,,If CHECK_TYPE=‘0’ then it contains the date by which
"",,,,,this ticket must be booked.  Format is ddmmyyyy.
"",,,,,If CHECK_TYPE=‘1’ then it contains the number of
"",,,,,"required advance hours for this ticket.  For example, a"
"",,,,,value of ‘24’ indicates that the ticket must be booked at
"",,,,,least 24 hours in advance of travel.
"",,,,,If CHECK_TYPE=‘2’ then it contains the number of
"",,,,,"required advance days for this ticket. For example, a"
"",,,,,value of ‘1’ indicates that the ticket must be booked the
"",,,,,day before travel at the latest.
"",9,BOOKING_TIME,4,34-37,"The time by which the ticket must be booked, in the"
"",,,,,"format “hhmm”.  If this field is blank, then this indicates"
"",,,,,that the ticket is available for booking up to the time
"",,,,,that bookings close on the day indicated by the
"",,,,,AP_DATA field.  This field will be set to spaces if
"",,,,,CHECK_TYPE = ‘1’.
