Key,Field,Field Name,Length,Position,Description
"",1,UPDATE_MARKER,1,1-1,"In a ’changes only’ update file, indicates whether the"
"",,,,,"record is to be inserted, amended or deleted (‘I’/’A’/’D’)."
"",,,,,For a full file refresh all update markers in the file will be
"",,,,,set to ‘R’.
Y,2,RECORD_TYPE,1,2-2,Contains ’S’.
Y,3,SUPPLEMENT_COD,3,3-5,Supplement code.
"",,E,,,
Y,4,END_DATE,8,6-13,Last date for which this record can be used. Format is
"",,,,,ddmmyyyy.  A high date (31122999) is used to indicate
"",,,,,records which have no defined end date.
"",5,START_DATE,8,14-21,First date for which this record can be used. Format is
"",,,,,ddmmyyyy.
"",6,QUOTE_DATE,8,22-29,First date on which this record can be queried. Format is
"",,,,,ddmmyyyy.
"",7,DESCRIPTION,20,30-49,Supplement description.
"",,,,,May include ‘#’ (hash) or ‘$’ (dollar) to denote currency
"",,,,,(pounds).
"",8,SHORT_DESC,12,50-61,Abbreviated description of supplement.
"",,,,,May include ‘#’ (hash) or ‘$’ (dollar) to denote currency
"",,,,,(pounds).  This is the description printed on the ticket for
"",,,,,this supplement.
"",9,SUPPL_TYPE,3,62-64,3-character supplement type.
"",,,,,"Permitted values are ‘SEA’, ‘QUO’, ‘SLQ’, ‘SLE’, ‘TSP’,"
"",,,,,"‘BIK’, ‘EXA’.  Spaces are not permitted."
"",10,PRICE,5,65-69,Supplement price in pence.
"",11,CPF_TICKET_TYPE,5,70-74,Note: with the introduction of PMS this field is
"",,,,,deprecated.
"",,,,,
"",,,,,(This is the ticket code for this item in the Central Prices
"",,,,,File.)
"",12,MIN_GROUP_SIZE,1,75-75,The minimum group size for this supplement.
"",13,MAX_GROUP_SIZE,1,76-76,The maximum group size for this supplement.
"",14,PER_LEG_OR_DIR,1,77-77,Values are ’L’ or ’D’.  If this supplement overrides the
"",,,,,cost of another supplement this indicates whether the
"",,,,,override applies to all legs in the journey direction (’D’)
"",,,,,or to supplements on the same leg only (’L’).
"",15,CLASS_TYPE,1,78-78,Supplement class.
"",16,CAPRI_CODE,3,79-81,CAPRI code. Note that if sundry code is supplied then
"",,,,,CAPRI code will be spaces.
"",17,SEP_TKT_IND,1,82-82,Values ‘Y’ or ‘N’ to indicate whether a separate ticket
"",,,,,must be issued for this supplement.
"",18,RESVN_TYPE,2,83-84,"Permitted values are ‘00’ and ‘01’, used when making"
"",,,,,reservations for this supplement.
"",19,SUNDRY_CODE,5,85-89,Accounting code for supplement recognised by
"",,,,,accounting system.  Note that if CAPRI code is supplied
"",,,,,then sundry code will be spaces.
