Key,Field,Field Name,Length,Position,Description
"",16,ACCOM_CLASS,1,83-83,"Values ‘F’, ‘S’, ‘B’ or space or ‘*’.  Indicates whether"
"",,,,,"the rule applies if the train has first class, standard"
"",,,,,class or both first and standard class
"",,,,,"accommodation, or that the rule applies regardless"
"",,,,,of the accommodation available on the train.
"",17,STATUS,1,84-84,"Values ‘A’, ‘C’ or ‘B’.  Indicates whether the rule"
"",,,,,"applies to Adults, Children or Both."
"",18,RESERVATION_STATUS,3,85-87,"Up to 3 reservation status codes, or spaces."
"",,,,,Indicates which reservation statuses the rule
"",,,,,applies to.
"",19,SECTORS,3,88-90,"Up to 3 train sector codes, or spaces.  Indicates"
"",,,,,which sector codes the rule applies to.
