Key,Field,Field Name,Length,Position,Description
"",1,UPDATE_MARKER,1,1-1,"In a ‘changes only’ update file, indicates whether the"
"",,,,,"record is to be inserted, amended or deleted (‘I’/’A’/’D’)."
"",,,,,For a full file refresh all update markers in the file will be
"",,,,,set to ‘R’.
Y,2,RECORD_TYPE,1,2-2,Contains ‘R’.
Y,3,UIC_CODE,7,3-9,UIC Code of location.
Y,4,RAILCARD_CODE,3,10-12,"Railcard code, to indicate a railcard which is valid at this"
"",,,,,location.
Y,5,END_DATE,8,13-20,Last date for which this record can be used. Format is
"",,,,,ddmmyyyy.  A high date (31122999) is used to indicate
"",,,,,records which have no defined end date.
