Key,Field,Field Name,Length,Position,Description
"",10,USE_NLC,4,45-48,The NLC code to be used to find an alternative
"",,,,,fare.  The add-on amount will be added to this
"",,,,,alternative fare to produce the fare price.  This
"",,,,,field will contain spaces if ADULT_NODIS_FLAG
"",,,,,is ‘X’ and CHILD_NODIS_FLAG is ‘X’.
"",11,ADULT_NODIS_FLAG,1,49-49,Indicates whether the adult add on should be
"",,,,,applied.
"",,,,,‘N’ indicates that the adult fare should be
"",,,,,calculated as normal (i.e. this non-standard
"",,,,,discount record can be ignored for the adult
"",,,,,"fare), and no add-on amount is to be added."
"",,,,,‘X’ indicates that no adult fare can be calculated.
"",,,,,‘D’ indicates that a discounted adult fare cannot
"",,,,,be calculated.
"",,,,,A space indicates that the adult fare should be
"",,,,,"calculated using the USE_NLC, and the add-on"
"",,,,,amount added.
"",12,ADULT_ADD_ON_AMOUNT,8,50-57,"The add-on amount, in pence, to be added to"
"",,,,,"adult fares, if applicable."
"",,,,,Contains spaces if the ADULT_NODIS_FLAG is
"",,,,,"not space, or if the ADULT_REBOOK_FLAG is"
"",,,,,‘Y’ or ‘S’.
"",13,ADULT_REBOOK_FLAG,1,58-58,"Values are ‘N’, ‘Y’ or ‘S’."
"",,,,,"If the adult rebook flag is set to ‘Y’ or ‘S’, then no"
"",,,,,fare can be calculated.  The rebook values are
"",,,,,used to determine which rebook message is
"",,,,,output to the end user.
"",,,,,‘Y’ indicates that a ticket should be issued to the
"",,,,,"interchange, and the customer should be"
"",,,,,advised to rebook.
"",,,,,‘S’ indicates that a separate ticket should be
"",,,,,issued for the Rail and Private Settlement
"",,,,,portions of the journey.
"",,,,,"Note that if adult and child fares are required, but"
"",,,,,"the adult and child rebook flags are different,"
"",,,,,then the customer should be referred to paper
"",,,,,based documentation.
"",14,CHILD_NODIS_FLAG,1,59-59,Indicates whether the child add on should be
"",,,,,applied.
"",,,,,‘N’ indicates that the child fare should be
"",,,,,calculated as normal (i.e. this non-standard
"",,,,,"discount record can be ignored for the child fare),"
"",,,,,and no add-on amount is to be added.
"",,,,,‘X’ indicates that no child fare can be calculated.
"",,,,,‘D’ indicates that a discounted child fare cannot
"",,,,,be calculated.
"",,,,,A space indicates that the child fare should be
"",,,,,"calculated using the USE_NLC, and the add-on"
"",,,,,amount added.
"",15,CHILD_ADD_ON_AMOUNT,8,60-67,"The add-on amount, in pence, to be added to"
"",,,,,"child fares, if applicable."
"",,,,,Contains spaces if the CHILD_NODIS_FLAG is
"",,,,,"not space, or if the CHILD_REBOOK_FLAG is"
"",,,,,‘Y’ or ‘S’.
"",16,CHILD_REBOOK_FLAG,1,68-68,"Values are ‘N’, ‘Y’ or ‘S’."
"",,,,,"If the child rebook flag is set to ‘Y’ or ‘S’, then no"
"",,,,,fare can be calculated.  The rebook values are
"",,,,,used to determine which rebook message is
"",,,,,output to the end user (see
"",,,,,ADULT_REBOOK_FLAG).
