Key,Field,Field Name,Length,Position,Description
Y,1,RECORD_TYPE,1,1-1,Contains ‘S’.
Y,2,STATUS_CODE,3,2-4,3-character status code.
Y,3,END_DATE,8,5-12,Last date for which this record can be used.
"",,,,,Format is ddmmyyyy.  A high date (31122999)
"",,,,,is used to indicate records which have no
"",,,,,defined end date.
"",4,START_DATE,8,13-20,First date for which this record can be used.
"",,,,,Format is ddmmyyyy.
"",5,ATB_DESC,5,21-25,Description to be printed on ATB size (airline)
"",,,,,tickets.
"",,,,,Spaces are permitted.
"",6,CC_DESC,5,26-30,Description to be printed on credit card size
"",,,,,tickets.
"",,,,,Spaces are permitted.
"",7,UTS_CODE,1,31-31,"UTS code, used in LUL magnetic stripe"
"",,,,,encoding.
"",8,FIRST_SINGLE_MAX_FLAT,8,32-39,Contains either the maximum fare to be
"",,,,,charged following discount for a first-class
"",,,,,"single ticket, or a first-class single flat fare,"
"",,,,,"depending on how the discount is applied, in"
"",,,,,pence. Contains zero if neither of the above is
"",,,,,applicable.
"",,,,,"Field 16, FS_MKR, presently does not contain"
"",,,,,"valid data; therefore, value 99999999 indicates"
"",,,,,that a first-class discount is not applicable.
"",9,FIRST_RETURN_MAX_FLAT,8,40-47,Contains either the maximum fare to be
"",,,,,charged following discount for a first class
"",,,,,"return ticket, or a first class return flat fare,"
"",,,,,"depending on how the discount is applied, in"
"",,,,,pence.  Contains zero if neither of the above is
"",,,,,applicable.
"",,,,,"Field 17, FR_MKR, presently does not contain"
"",,,,,"valid data; therefore, value 99999999 indicates"
"",,,,,that a first-class discount is not applicable.
"",10,STD_SINGLE_MAX_FLAT,8,48-55,Contains either the maximum fare to be
"",,,,,charged following discount for a standard class
"",,,,,"single ticket, or a standard class single flat fare,"
"",,,,,"depending on how the discount is applied, in"
"",,,,,pence. Contains zero if neither of the above is
"",,,,,applicable.
"",,,,,"Field 18, SS_MKR, presently does not contain"
"",,,,,"valid data; therefore, value 99999999 indicates"
"",,,,,that a std class discount is not applicable.
