Key,Field,Field Name,Length,Position,Description
"",1,UPDATE_MARKER,1,1-1,"In a ‘changes only’ update file, indicates whether the"
"",,,,,"record is to be inserted, amended or deleted (‘I’/’A’/’D’)."
"",,,,,For a full file refresh all update markers in the file will
"",,,,,be set to ‘R’.
Y,2,RECORD_TYPE,2,2-3,Contains ‘HD’.
Y,3,CF_MKR,1,4-4,Either ‘C’ or ‘F’.  Used to determine the start and end
"",,,,,dates for this record.
Y,4,RESTRICTION_CODE,2,5-6,Alphanumeric restriction code.
Y,5,DATE_FROM,4,7-10,Date band start date (within the start date/end date of
"",,,,,"the restriction, indicated by Current or Future) in the"
"",,,,,form MMDD.
Y,6,DATE_TO,4,11-14,Date band end date (within the start date/end date of
"",,,,,"the restriction, indicated by Current or Future) in the"
"",,,,,form MMDD.
"",7,DAYS,7,15-21,"A set of 7 markers each set to Y or N, representing the"
"",,,,,days of the week.  The first character represents
"",,,,,"Monday.  If the marker = Y, then the restriction applies"
"",,,,,"on this day of the week, between the dates in"
"",,,,,"DATE_FROM/DATE_TO.  If the marker is N, then the"
"",,,,,"restriction does not apply on this day of the week,"
"",,,,,between the dates in DATE_FROM/DATE_TO.
