Key,Field,Field Name,Length,Position,Description
"",1,UPDATE_MARKER,1,1-1,"In a ‘changes only’ update file, indicates whether the"
"",,,,,"record is to be inserted, amended or deleted"
"",,,,,(‘I’/’A’/’D’).  For a full file refresh all update markers in
"",,,,,the file will be set to ‘R’.
Y,2,RECORD_TYPE,2,2-3,Contains ‘RD’.
Y,3,CF_MKR,1,4-4,Value = ‘C’ or ‘F’ indicating Current or Future.  All
"",,,,,other restriction records in this file have a CF_MKR
"",,,,,field set to ‘C’ or ‘F’.  This indicates that the start and
"",,,,,end date of the records correspond to the start date
"",,,,,and end date held in this record.
"",4,START_DATE,8,5-12,First date for which records with the matching
"",,,,,CF_MKR can be used. Format is ddmmyyyy.
"",5,END_DATE,8,13-20,Last date for which records with the matching
"",,,,,CF_MKR can be used.  Format is ddmmyyyy.  A high
"",,,,,date (31122999) is used to indicate records which
"",,,,,have no defined end date.
