Key,Field,Field Name,Length,Position,Description
"",1,UPDATE_MARKER,1,1-1,"In a ‘changes only’ update file, indicates whether the"
"",,,,,"record is to be inserted, amended or deleted"
"",,,,,(‘I’/’A’/’D’).  For a full file refresh all update markers
"",,,,,in the file will be set to ‘R’.
Y,2,RECORD_TYPE,1,2-2,Contains ‘L’.
Y,3,UIC_CODE,7,3-9,A unique code which identifies this location.
Y,4,END_DATE,8,10-17,Last date for which this record can be used. Format
"",,,,,is ddmmyyyy.  A high date (31122999) is used to
"",,,,,indicate records which have no defined end date.
"",5,START_DATE,8,18-25,First date for which this record can be used. Format
"",,,,,is ddmmyyyy.
"",6,QUOTE_DATE,8,26-33,First date on which this record can be queried.
"",,,,,Format is ddmmyyyy.
"",7,ADMIN_AREA_CODE,3,34-36,Administrative area code (e.g. ‘70 ‘ = Britain).
"",8,NLC_CODE,4,37-40,"National location code, for British locations only.  No"
"",,,,,value is output in this field for non-GB locations.
"",9,DESCRIPTION,16,41-56,Location description.
"",10,CRS_CODE,3,57-59,"Where present, gives the location code as used by"
"",,,,,the Central Reservations System (superseded by
"",,,,,NRS). Contains spaces for locations with no CRS
"",,,,,code.
"",11,RESV_CODE,5,60-64,The international reservation code.
"",12,ERS_COUNTRY,2,65-66,Along with the ERS Code this forms a reference to
"",,,,,the location for use by Eurostar Reservation System.
"",13,ERS_CODE,3,67-69,Along with the ERS Country this forms a reference
"",,,,,to the location for use by Eurostar Reservation
"",,,,,System.
"",14,FARE_GROUP,6,70-75,LOC-FARE-GROUP is always populated for BR
"",,,,,locations.  It is the same as LOC-NLC for locations
"",,,,,"which are not a member of a fare group, otherwise it"
"",,,,,"contains a group NLC code, e.g. ‘1072’ = London."
"",15,COUNTY,2,76-77,"Used to decide if a location is in Scotland, England"
"",,,,,& Wales or elsewhere.  County codes on the
"",,,,,mainland are all numeric values.  Other values are
"",,,,,"‘NI’ (Northern Ireland), ‘IR’ (Ireland), ‘CI’ (Channel"
"",,,,,Islands).
"",16,PTE_CODE,2,78-79,Code for the transport authority associated with the
"",,,,,location (e.g. ‘GM’ = Greater Manchester).
"",,,,,Note: this field is obsolete and will be set to space
"",,,,,for all new locations.
"",17,ZONE_NO,4,80-83,NLC code that matches a Zone location where the
"",,,,,ZONE-IND = 1 to 6.  Other values are not used.
"",,,,,Spaces are permitted.
"",18,ZONE_IND,2,84-85,"The Zone number.  Permitted values are 1, 2, 3, 4,"
"",,,,,"5, 6, R, U and space.  Where ZONE-IND is not"
"",,,,,"space, then ZONE-NO is an NLC code, representing"
"",,,,,a travelcard location.
