Key,Field,Field Name,Length,Position,Description
"",1,UPDATE_MARKER,1,1-1,"In a ‘changes only’ update file, indicates whether the"
"",,,,,"record is to be inserted, amended or deleted (‘I’/’A’/’D’)."
"",,,,,For a full file refresh all update markers in the file will be
"",,,,,set to ‘R’.
Y,2,RECORD_TYPE,1,2-2,Contains ‘T’.
Y,3,TEXT_CODE,3,3-5,A unique code to identify a particular line of text.
"",4,FREE_TEXT,72,6-77,The free text line to print on a supplement voucher.
"",,,,,Spaces are permitted.
