Key,Field,Field Name,Length,Position,Description
"",1,UPDATE_MARKER,1,1-1,"In a ‘changes only’ update file, indicates whether"
"",,,,,"the record is to be inserted, amended or deleted"
"",,,,,(‘I’/’A’/’D’).  For a full file refresh all update
"",,,,,markers in the file will be set to ‘R’.
Y,2,ORIGIN_CODE,4,2-5,"A code representing the flow origin, either NLC,"
"",,,,,"Location Zone No or Location County, or ‘****’ (4"
"",,,,,asterisks).
"",,,,,‘****’ indicates that this record applies from all
"",,,,,origins to the destination supplied in the
"",,,,,"destination code, except where a record exists"
"",,,,,for an explicit origin.
Y,3,DESTINATION_CODE,4,6-9,"A code representing the flow destination, either"
"",,,,,"NLC or Location County, or ‘****’ (4 asterisks)."
"",,,,,‘****’ indicates that this record applies to all
"",,,,,destinations from the origin supplied in the origin
"",,,,,"code, except where a record exists for an explicit"
"",,,,,destination.
Y,4,ROUTE_CODE,5,10-14,Contains either a 5-digit route code or ‘*****’ (5
"",,,,,asterisks).
"",,,,,‘*****’ indicates that this record applies to all
"",,,,,"routes between the origin and destination, except"
"",,,,,where a record exists for an explicit route.
Y,5,RAILCARD_CODE,3,15-17,"Contains a railcard code, or 3 spaces or ‘***’ (3"
"",,,,,asterisks).
"",,,,,‘***’ indicates that this record applies to all
"",,,,,"railcards, except where a record exists for an"
"",,,,,explicit railcard.
"",,,,,3 spaces indicates that this record should be
"",,,,,used where no railcard is required for the fare
"",,,,,calculation (e.g. when calculating a child fare).
Y,6,TICKET_CODE,3,18-20,"Contains a ticket code, ‘***’ (3 asterisks)."
"",,,,,‘***’ indicates that this record applies to all
"",,,,,"tickets, except where a record exists for an"
"",,,,,explicit ticket.
Y,7,END_DATE,8,21-28,Last date for which this record can be used.
"",,,,,Format is ddmmyyyy.  A high date (31122999) is
"",,,,,used to indicate records which have no defined
"",,,,,end date.
"",8,START_DATE,8,29-36,First date for which this record can be used.
"",,,,,Format is ddmmyyyy.
"",9,QUOTE_DATE,8,37-44,First date on which this record is available for
"",,,,,query. Format is ddmmyyyy.
