Key,Field,Field Name,Length,Position,Description
Y,1,RECORD_TYPE,1,1-1,Contains ‘S’.
Y,2,PACKAGE_CODE,3,2-4,3-character package code.
Y,3,END_DATE,8,5-12,Last date for which this record can be used. Format is
"",,,,,ddmmyyyy.  A high date (31122999) is used to indicate
"",,,,,records which have no defined end date.
Y,4,SUPPLEMENT_CODE,3,13-15,Supplement code identifying a supplement contained
"",,,,,in the package.
"",5,DIRECTION,1,16-16,"Valid values are ‘O’, ‘R’, ‘B’ or ‘E’ (Outward, Return,"
"",,,,,Both or Either) and denotes on which part of the
"",,,,,journey the supplement is available.
"",6,PACK_NUMBER,3,17-19,Indicates the number of supplements ‘per package’
"",,,,,(regardless of the number of passengers.
"",7,ORIGIN_FACILITY,1,20-20,Note: with the introduction of PMS this field is
"",,,,,deprecated.
"",,,,,
"",,,,,(A code to indicate a facility which must exist at the
"",,,,,journey origin for the supplement to be available.  The
"",,,,,journey origin is deemed to be the origin of the
"",,,,,Outward journey.  May be space.)
"",8,DEST_FACILITY,1,21-21,Note: with the introduction of PMS this field is
"",,,,,deprecated.
"",,,,,
"",,,,,(A code to indicate a facility which must exist at the
"",,,,,journey destination for the supplement to be available.
"",,,,,The journey destination is deemed to be the
"",,,,,destination of the Outward journey.  May be space.)
