Key,Field,Field Name,Length,Position,Description
"",1,UPDATE-MARKER,1,1-1,"In a ‘changes only’ update file, indicates whether the"
"",,,,,"record is to be inserted, amended or deleted"
"",,,,,(‘I’/’A’/’D’).  For a full file refresh all update markers in
"",,,,,the file will be set to ‘R’.
Y,2,RECORD_TYPE,1,2-2,Contains ‘T’.
Y,3,FLOW_ID,7,3-9,Uniquely identifies the flow to which the fare pertains.
Y,4,TICKET_CODE,3,10-12,3-character ticket code for the fare.
"",5,FARE,8,13-20,Fare in pence.
"",6,RESTRICTION_CODE,2,21-22,Restriction code associated with this fare.
