Key,Field,Field Name,Length,Position,Description
"",1,UPDATE_MARKER,1,1-1,"In a ‘changes only’ update file, indicates whether"
"",,,,,"the record is to be inserted, amended or deleted"
"",,,,,(‘I’/’A’/’D’).  For a full file refresh all update markers
"",,,,,in the file will be set to ‘R’.
Y,2,RECORD_TYPE,1,2-2,Contains ‘R’.
Y,3,RULE_NUMBER,3,3-5,Rule number.
Y,4,END_DATE,8,6-13,Last date for which this record can be used. Format
"",,,,,is ddmmyyyy.  A high date (31122999) is used to
"",,,,,indicate records which have no defined end date.
"",5,START_DATE,8,14-21,First date for which this record can be used. Format
"",,,,,is ddmmyyyy.
"",6,QUOTE_DATE,8,22-29,First date on which this record can be queried.
"",,,,,Format is ddmmyyyy.
"",7,TRAIN_UID,7,30-36,Train identifier (actually 6 alphanumeric characters
"",,,,,followed by a space). 7 spaces if not applicable.
"",8,TRAIN_UID_DESC,39,37-75,Train description.
"",9,FARE_CLASS,1,76-76,"Single character class (values ‘1’, ‘2’, ‘9’ or ‘*’)."
"",,,,,Asterisk means the class is not significant.
"",10,QUOTA,1,77-77,"Values ‘Y’, ‘N’ or ‘*’ to indicate that the rule applies"
"",,,,,"if the train is quota’d, does not apply if the train is"
"",,,,,quota’d or applies regardless of whether or not the
"",,,,,train is quota’d.
"",11,WEEKEND_FIRST,1,78-78,"Values ‘Y’, ‘N’ or ‘*’ to indicate that the rule applies"
"",,,,,"if the train has Weekend First accommodation,"
"",,,,,does not apply if the train has Weekend First
"",,,,,accommodation or applies regardless of whether or
"",,,,,not train has Weekend First accommodation.
"",12,SILVER_STANDARD,1,79-79,"Values ‘Y’, ‘N’ or ‘*’ to indicate that the rule applies"
"",,,,,"if the train has Silver Standard accommodation,"
"",,,,,does not apply if the train has Silver Standard
"",,,,,accommodation or applies regardless of whether or
"",,,,,not the train has Silver Standard accommodation.
"",13,RAILCARD,1,80-80,"Values ‘Y’, ‘N’ or ‘*’ to indicate that the rule applies"
"",,,,,"if a railcard is used, does not apply if a railcard is"
"",,,,,used or applies regardless of whether or not a
"",,,,,railcard is used.
"",14,CATERING_CODE,1,81-81,"Catering code, space or ‘*’.  These values are used"
"",,,,,to compare with the catering available on the train.
"",15,SLEEPER,1,82-82,"Values ‘F’, ‘S’, ‘B’ or space or ‘*’.  Indicates whether"
"",,,,,"the rule applies if the train has first class, standard"
"",,,,,class or both first and standard class sleeper
"",,,,,"accommodation, or that the rule applies regardless"
"",,,,,of the sleeper accommodation available on the
"",,,,,train.
