Key,Field,Field Name,Length,Position,Description
"",1,UPDATE_MARKER,1,1-1,"In a ‘changes only’ update file, indicates whether the"
"",,,,,"record is to be inserted, amended or deleted (‘I’/’A’/’D’)."
"",,,,,For a full file refresh all update markers in the file will
"",,,,,be set to ‘R’.
Y,2,RECORD_TYPE,2,2-3,Contains ‘RH’.
Y,3,CF_MKR,1,4-4,Either ‘C’ or ‘F’.  Used to determine the start and end
"",,,,,dates for this record.
Y,4,RESTRICTION_CODE,2,5-6,Alphanumeric restriction code.
"",5,DESCRIPTION,30,7-36,Restriction description.
"",6,DESC_OUT,50,37-86,Description text for the restriction for an outward
"",,,,,journey.
"",,,,,Spaces are permitted.
"",7,DESC_RTN,50,87-136,Description text for the restriction for a return journey.
"",,,,,Spaces are permitted.
"",8,TYPE_OUT,1,137-137,‘P’ or ‘N’.  Indicates how the train restrictions
"",,,,,associated with this restriction are to be applied to an
"",,,,,outward journey –
"",,,,,"‘P’ = positive restriction,"
"",,,,,‘N’ = negative restriction.
"",9,TYPE_RTN,1,138-138,‘P’ or ‘N’. Indicates how the train restrictions
"",,,,,associated with this restriction are to be applied to a
"",,,,,return journey –
"",,,,,"‘P’ = positive restriction,"
"",,,,,‘N’ = negative restriction.
"",10,CHANGE_IND,1,139-139,‘Y’ or ‘N’.
"",,,,,Indicates whether a change of trains is allowed.
