Key,Field,Field Name,Length,Position,Description
Y,1,RAILCARD_CODE,3,1-3,Railcard code.
Y,2,TICKET_CODE,3,4-6,Ticket code.  The minimum fare applies the railcard/ticket
"",,,,,combination.
Y,3,END_DATE,8,7-14,Last date for which this record can be used. Format is
"",,,,,ddmmyyyy.  A high date (31122999) is used to indicate
"",,,,,records which have no defined end date.
"",4,START_DATE,8,15-22,First date for which this record can be used. Format is
"",,,,,ddmmyyyy.
"",5,MINIMUM_FARE,8,23-30,"The minimum fare, in pence, to be charged for this"
"",,,,,ticket/railcard combination when minimum fares apply.
