Key,Field,Field Name,Length,Position,Description
"",1,UPDATE_MARKER,1,1-1,"In a ‘changes only’ update file, indicates whether the"
"",,,,,"record is to be inserted, amended or deleted (‘I’/’A’/’D’)."
"",,,,,For a full file refresh all update markers in the file will be
"",,,,,set to ‘R’.
Y,2,RECORD_TYPE,2,2-3,Contains ‘RR’.
Y,3,CF_MKR,1,4-4,Either ‘C’ or ‘F’.  Used to determine the start and end
"",,,,,dates for this record.
Y,4,RAILCARD_CODE,3,5-7,Railcard code.
Y,5,SEQUENCE_NO,4,8-11,Numeric sequence number.  Several railcard
"",,,,,restrictions may apply with the same railcard code; this
"",,,,,field is used to uniquely identify them.
"",6,TICKET_CODE,3,12-14,Ticket code.  The railcard restriction applies to this
"",,,,,"ticket code.  If spaces, then the railcard restriction"
"",,,,,applies to all ticket types.
"",7,ROUTE_CODE,5,15-19,Route code. The railcard restriction applies to this route
"",,,,,"code.  If spaces, then the railcard restriction applies to"
"",,,,,all routes.
"",8,LOCATION,3,20-22,CRS code of a location. The railcard restriction applies
"",,,,,"if the journey originates at this location.  If spaces, then"
"",,,,,the railcard restriction applies to all locations.
"",9,RESTRICTION_CODE,2,23-24,Restriction which may apply if TOTAL_BAN is not set to
"",,,,,"‘Y’.  If TOTAL_BAN is set to ‘Y’, then this field will"
"",,,,,contain spaces.
"",10,TOTAL_BAN,1,25-25,‘Y’ or space.
"",,,,,‘Y’ indicates that the railcard cannot be used.
"",,,,,Space indicates that the restriction code must be
"",,,,,checked when this railcard is used.
