Key,Field,Field Name,Length,Position,Description
"",1,UPDATE_MARKER,1,1-1,"In a ‘changes only’ update file, indicates whether the"
"",,,,,"record is to be inserted, amended or deleted (‘I’/’A’/’D’)."
"",,,,,For a full file refresh all update markers in the file will be
"",,,,,set to ‘R’.
Y,2,RECORD_TYPE,1,2-2,Contains ‘R’.
Y,3,ROUTE_CODE,5,3-7,5 digit route code.
Y,4,END_DATE,8,8-15,Last date for which this record can be used.  Format is
"",,,,,ddmmyyyy.  A high date (31122999) is used to indicate
"",,,,,records which have no defined end date.
"",5,START_DATE,8,16-23,First date for which this record can be used.  Format is
"",,,,,ddmmyyyy.
"",6,QUOTE_DATE,8,24-31,First date on which this record can be queried.  Format
"",,,,,is ddmmyyyy.
"",7,DESCRIPTION,16,32-47,Route description.
"",8,ATB_DESC_1,35,48-82,First line of route description to be printed on ATB
"",,,,,tickets.
"",9,ATB_DESC_2,35,83-117,Second line of route description to be printed on ATB
"",,,,,tickets.
"",10,ATB_DESC_3,35,118-152,Third line of route description to be printed on ATB
"",,,,,tickets.
"",11,ATB_DESC_4,35,153-187,Fourth line of route description to be printed on ATB
"",,,,,tickets.
"",12,CC_DESC,16,188-203,Route description to be printed on credit card size
"",,,,,tickets.
"",13,AAA-DESC,41,204-244,Alternative Availability description for season tickets
"",,,,,(those which allow travel from more than one station).
"",,,,,Spaces are permitted.
"",14,UTS_MODE,1,245-245,Used for magnetic stripe encoding.
"",,,,,Values are
"",,,,,"‘U’ (underground only),"
"",,,,,"‘R’ (rail, underground and bus,"
"",,,,,‘B’ (bus only) or
"",,,,,space where none of the above apply.
"",,,,,Any other values in this field should be treated as space
"",,,,,"(this information is supplied from the source system,"
"",,,,,and is not validated by DTD).
"",15,UTS_ZONE_1,1,246-246,Values ‘Y’ or ‘N’ to indicate whether a fare with this
"",,,,,route includes travel in this zone.  Values used in
"",,,,,magnetic stripe encoding.  Please note that this
"",,,,,"information is supplied from the source system, and is"
"",,,,,not validated by DTD.
"",16,UTS_ZONE_2,1,247-247,Values ‘Y’ or ‘N’ to indicate whether a fare with this
"",,,,,route includes travel in this zone.  Values used in
"",,,,,magnetic stripe encoding. Please note that this
"",,,,,"information is supplied from the source system, and is"
"",,,,,not validated by DTD.
