Key,Field,Field Name,Length,Position,Description
Y,1,VALIDITY_CODE,2,1-2,A 2-digit validity code.
Y,2,END_DATE,8,3-10,Last date for which this record can be used. Format
"",,,,,is ddmmyyyy.  A high date (31122999) is used to
"",,,,,indicate records which have no defined end date.
"",3,START_DATE,8,11-18,The First date for which this record can be used.
"",,,,,Format is ddmmyyyy.
"",4,DESCRIPTION,20,19-38,Textual description of the Validity.
"",5,OUT_DAYS,2,39-40,Numeric value 0-30.  Indicates the number of days
"",,,,,"outward validity, i.e. the ticket can be used for n days"
"",,,,,for outward travel.
"",6,OUT_MONTHS,2,41-42,Numeric value 0-12.  Indicates the number of months
"",,,,,"outward validity, i.e. the ticket can be used for n"
"",,,,,months for outward travel.
"",7,RET_DAYS,2,43-44,Numeric value 0-30.  Indicates the number of days
"",,,,,"return validity, i.e. the ticket can be used for n days"
"",,,,,for return travel.
"",8,RET_MONTHS,2,45-46,Numeric value 0-12.  Indicates the number of months
"",,,,,"return validity, i.e. the ticket can be used for n"
"",,,,,months for return travel.
"",9,RET_AFTER_DAYS,2,47-48,Numeric value 0-30.  Indicates the number of days
"",,,,,which must elapse before a return journey is
"",,,,,"permitted, from the outward travel date."
"",10,RET_AFTER_MONTHS,2,49-50,Numeric value 0-12. Indicates the number of months
"",,,,,which must elapse before a return journey is
"",,,,,"permitted, from the outward travel date."
"",11,RET_AFTER_DAY,2,51-52,"Permitted values are ‘MO’, ‘TU’, ‘WE’, ‘TH’, ‘FR’,"
"",,,,,"‘SA’, ‘SU’ or spaces.  Indicates that return travel is"
"",,,,,not permitted until the day specified has passed.
"",,,,,Spaces indicate that this is not relevant.
"",12,BREAK_OUT,1,53-53,Indicates whether a break of journey is permitted on
"",,,,,the outward journey.  Permitted values are ‘Y’ or ‘N’.
"",13,BREAK_RTN,1,54-54,Indicates whether a break of journey is permitted on
"",,,,,the return journey.  Permitted values are ‘Y’ or ‘N’.
"",14,OUT_DESCRIPTION,14,55-68,"Short description of outward validity, printed on the"
"",,,,,ticket.  Spaces permitted.
"",15,RTN_DESCRIPTION,14,69-82,"Short description of return validity, printed on the"
"",,,,,ticket.  Spaces permitted.
