Key,Field,Field Name,Length,Position,Description
"",1,UPDATE_MARKER,1,1-1,"In a ‘changes only’ update file, indicates whether the"
"",,,,,"record is to be inserted, amended or deleted (‘I’/’A’/’D’)."
"",,,,,For a full file refresh all update markers in the file will be
"",,,,,set to ‘R’.
Y,2,RECORD_TYPE,1,2-2,Contains ‘M’.
Y,3,RULE_NUMBER,3,3-5,Rule number.
Y,4,END_DATE,8,6-13,Last date for which this record can be used. Format is
"",,,,,ddmmyyyy.  A high date (31122999) is used to indicate
"",,,,,records which have no defined end date.  The key fields
"",,,,,are used to match this record to the rule record to which
"",,,,,it applies.
Y,5,SUPPLEMENT_CODE,3,14-16,The supplement code for the supplement included in the
"",,,,,rule.
"",6,OM_FLAG,1,17-17,Values are ‘O’ or ‘M’ to indicate whether the supplement
"",,,,,is Optional or Mandatory in this rule.
